"","TTT","TTC","TTA","TTG","TCT","TCC","TCA","TCG","TAT","TAC","TAA","TAG","TGT","TGC","TGA","TGG","CTT","CTC","CTA","CTG","CCT","CCC","CCA","CCG","CAT","CAC","CAA","CAG","CGT","CGC","CGA","CGG","ATT","ATC","ATA","ATG","ACT","ACC","ACA","ACG","AAT","AAC","AAA","AAG","AGT","AGC","AGA","AGG","GTT","GTC","GTA","GTG","GCT","GCC","GCA","GCG","GAT","GAC","GAA","GAG","GGT","GGC","GGA","GGG"
"TTT",0,1,1,1,1,2,2,2,1,2,2,2,1,2,2,2,1,2,2,2,2,3,3,3,2,3,3,3,2,3,3,3,1,2,2,2,2,3,3,3,2,3,3,3,2,3,3,3,1,2,2,2,2,3,3,3,2,3,3,3,2,3,3,3
"TTC",1,0,1,1,2,1,2,2,2,1,2,2,2,1,2,2,2,1,2,2,3,2,3,3,3,2,3,3,3,2,3,3,2,1,2,2,3,2,3,3,3,2,3,3,3,2,3,3,2,1,2,2,3,2,3,3,3,2,3,3,3,2,3,3
"TTA",1,1,0,1,2,2,1,2,2,2,1,2,2,2,1,2,2,2,1,2,3,3,2,3,3,3,2,3,3,3,2,3,2,2,1,2,3,3,2,3,3,3,2,3,3,3,2,3,2,2,1,2,3,3,2,3,3,3,2,3,3,3,2,3
"TTG",1,1,1,0,2,2,2,1,2,2,2,1,2,2,2,1,2,2,2,1,3,3,3,2,3,3,3,2,3,3,3,2,2,2,2,1,3,3,3,2,3,3,3,2,3,3,3,2,2,2,2,1,3,3,3,2,3,3,3,2,3,3,3,2
"TCT",1,2,2,2,0,1,1,1,1,2,2,2,1,2,2,2,2,3,3,3,1,2,2,2,2,3,3,3,2,3,3,3,2,3,3,3,1,2,2,2,2,3,3,3,2,3,3,3,2,3,3,3,1,2,2,2,2,3,3,3,2,3,3,3
"TCC",2,1,2,2,1,0,1,1,2,1,2,2,2,1,2,2,3,2,3,3,2,1,2,2,3,2,3,3,3,2,3,3,3,2,3,3,2,1,2,2,3,2,3,3,3,2,3,3,3,2,3,3,2,1,2,2,3,2,3,3,3,2,3,3
"TCA",2,2,1,2,1,1,0,1,2,2,1,2,2,2,1,2,3,3,2,3,2,2,1,2,3,3,2,3,3,3,2,3,3,3,2,3,2,2,1,2,3,3,2,3,3,3,2,3,3,3,2,3,2,2,1,2,3,3,2,3,3,3,2,3
"TCG",2,2,2,1,1,1,1,0,2,2,2,1,2,2,2,1,3,3,3,2,2,2,2,1,3,3,3,2,3,3,3,2,3,3,3,2,2,2,2,1,3,3,3,2,3,3,3,2,3,3,3,2,2,2,2,1,3,3,3,2,3,3,3,2
"TAT",1,2,2,2,1,2,2,2,0,1,1,1,1,2,2,2,2,3,3,3,2,3,3,3,1,2,2,2,2,3,3,3,2,3,3,3,2,3,3,3,1,2,2,2,2,3,3,3,2,3,3,3,2,3,3,3,1,2,2,2,2,3,3,3
"TAC",2,1,2,2,2,1,2,2,1,0,1,1,2,1,2,2,3,2,3,3,3,2,3,3,2,1,2,2,3,2,3,3,3,2,3,3,3,2,3,3,2,1,2,2,3,2,3,3,3,2,3,3,3,2,3,3,2,1,2,2,3,2,3,3
"TAA",2,2,1,2,2,2,1,2,1,1,0,1,2,2,1,2,3,3,2,3,3,3,2,3,2,2,1,2,3,3,2,3,3,3,2,3,3,3,2,3,2,2,1,2,3,3,2,3,3,3,2,3,3,3,2,3,2,2,1,2,3,3,2,3
"TAG",2,2,2,1,2,2,2,1,1,1,1,0,2,2,2,1,3,3,3,2,3,3,3,2,2,2,2,1,3,3,3,2,3,3,3,2,3,3,3,2,2,2,2,1,3,3,3,2,3,3,3,2,3,3,3,2,2,2,2,1,3,3,3,2
"TGT",1,2,2,2,1,2,2,2,1,2,2,2,0,1,1,1,2,3,3,3,2,3,3,3,2,3,3,3,1,2,2,2,2,3,3,3,2,3,3,3,2,3,3,3,1,2,2,2,2,3,3,3,2,3,3,3,2,3,3,3,1,2,2,2
"TGC",2,1,2,2,2,1,2,2,2,1,2,2,1,0,1,1,3,2,3,3,3,2,3,3,3,2,3,3,2,1,2,2,3,2,3,3,3,2,3,3,3,2,3,3,2,1,2,2,3,2,3,3,3,2,3,3,3,2,3,3,2,1,2,2
"TGA",2,2,1,2,2,2,1,2,2,2,1,2,1,1,0,1,3,3,2,3,3,3,2,3,3,3,2,3,2,2,1,2,3,3,2,3,3,3,2,3,3,3,2,3,2,2,1,2,3,3,2,3,3,3,2,3,3,3,2,3,2,2,1,2
"TGG",2,2,2,1,2,2,2,1,2,2,2,1,1,1,1,0,3,3,3,2,3,3,3,2,3,3,3,2,2,2,2,1,3,3,3,2,3,3,3,2,3,3,3,2,2,2,2,1,3,3,3,2,3,3,3,2,3,3,3,2,2,2,2,1
"CTT",1,2,2,2,2,3,3,3,2,3,3,3,2,3,3,3,0,1,1,1,1,2,2,2,1,2,2,2,1,2,2,2,1,2,2,2,2,3,3,3,2,3,3,3,2,3,3,3,1,2,2,2,2,3,3,3,2,3,3,3,2,3,3,3
"CTC",2,1,2,2,3,2,3,3,3,2,3,3,3,2,3,3,1,0,1,1,2,1,2,2,2,1,2,2,2,1,2,2,2,1,2,2,3,2,3,3,3,2,3,3,3,2,3,3,2,1,2,2,3,2,3,3,3,2,3,3,3,2,3,3
"CTA",2,2,1,2,3,3,2,3,3,3,2,3,3,3,2,3,1,1,0,1,2,2,1,2,2,2,1,2,2,2,1,2,2,2,1,2,3,3,2,3,3,3,2,3,3,3,2,3,2,2,1,2,3,3,2,3,3,3,2,3,3,3,2,3
"CTG",2,2,2,1,3,3,3,2,3,3,3,2,3,3,3,2,1,1,1,0,2,2,2,1,2,2,2,1,2,2,2,1,2,2,2,1,3,3,3,2,3,3,3,2,3,3,3,2,2,2,2,1,3,3,3,2,3,3,3,2,3,3,3,2
"CCT",2,3,3,3,1,2,2,2,2,3,3,3,2,3,3,3,1,2,2,2,0,1,1,1,1,2,2,2,1,2,2,2,2,3,3,3,1,2,2,2,2,3,3,3,2,3,3,3,2,3,3,3,1,2,2,2,2,3,3,3,2,3,3,3
"CCC",3,2,3,3,2,1,2,2,3,2,3,3,3,2,3,3,2,1,2,2,1,0,1,1,2,1,2,2,2,1,2,2,3,2,3,3,2,1,2,2,3,2,3,3,3,2,3,3,3,2,3,3,2,1,2,2,3,2,3,3,3,2,3,3
"CCA",3,3,2,3,2,2,1,2,3,3,2,3,3,3,2,3,2,2,1,2,1,1,0,1,2,2,1,2,2,2,1,2,3,3,2,3,2,2,1,2,3,3,2,3,3,3,2,3,3,3,2,3,2,2,1,2,3,3,2,3,3,3,2,3
"CCG",3,3,3,2,2,2,2,1,3,3,3,2,3,3,3,2,2,2,2,1,1,1,1,0,2,2,2,1,2,2,2,1,3,3,3,2,2,2,2,1,3,3,3,2,3,3,3,2,3,3,3,2,2,2,2,1,3,3,3,2,3,3,3,2
"CAT",2,3,3,3,2,3,3,3,1,2,2,2,2,3,3,3,1,2,2,2,1,2,2,2,0,1,1,1,1,2,2,2,2,3,3,3,2,3,3,3,1,2,2,2,2,3,3,3,2,3,3,3,2,3,3,3,1,2,2,2,2,3,3,3
"CAC",3,2,3,3,3,2,3,3,2,1,2,2,3,2,3,3,2,1,2,2,2,1,2,2,1,0,1,1,2,1,2,2,3,2,3,3,3,2,3,3,2,1,2,2,3,2,3,3,3,2,3,3,3,2,3,3,2,1,2,2,3,2,3,3
"CAA",3,3,2,3,3,3,2,3,2,2,1,2,3,3,2,3,2,2,1,2,2,2,1,2,1,1,0,1,2,2,1,2,3,3,2,3,3,3,2,3,2,2,1,2,3,3,2,3,3,3,2,3,3,3,2,3,2,2,1,2,3,3,2,3
"CAG",3,3,3,2,3,3,3,2,2,2,2,1,3,3,3,2,2,2,2,1,2,2,2,1,1,1,1,0,2,2,2,1,3,3,3,2,3,3,3,2,2,2,2,1,3,3,3,2,3,3,3,2,3,3,3,2,2,2,2,1,3,3,3,2
"CGT",2,3,3,3,2,3,3,3,2,3,3,3,1,2,2,2,1,2,2,2,1,2,2,2,1,2,2,2,0,1,1,1,2,3,3,3,2,3,3,3,2,3,3,3,1,2,2,2,2,3,3,3,2,3,3,3,2,3,3,3,1,2,2,2
"CGC",3,2,3,3,3,2,3,3,3,2,3,3,2,1,2,2,2,1,2,2,2,1,2,2,2,1,2,2,1,0,1,1,3,2,3,3,3,2,3,3,3,2,3,3,2,1,2,2,3,2,3,3,3,2,3,3,3,2,3,3,2,1,2,2
"CGA",3,3,2,3,3,3,2,3,3,3,2,3,2,2,1,2,2,2,1,2,2,2,1,2,2,2,1,2,1,1,0,1,3,3,2,3,3,3,2,3,3,3,2,3,2,2,1,2,3,3,2,3,3,3,2,3,3,3,2,3,2,2,1,2
"CGG",3,3,3,2,3,3,3,2,3,3,3,2,2,2,2,1,2,2,2,1,2,2,2,1,2,2,2,1,1,1,1,0,3,3,3,2,3,3,3,2,3,3,3,2,2,2,2,1,3,3,3,2,3,3,3,2,3,3,3,2,2,2,2,1
"ATT",1,2,2,2,2,3,3,3,2,3,3,3,2,3,3,3,1,2,2,2,2,3,3,3,2,3,3,3,2,3,3,3,0,1,1,1,1,2,2,2,1,2,2,2,1,2,2,2,1,2,2,2,2,3,3,3,2,3,3,3,2,3,3,3
"ATC",2,1,2,2,3,2,3,3,3,2,3,3,3,2,3,3,2,1,2,2,3,2,3,3,3,2,3,3,3,2,3,3,1,0,1,1,2,1,2,2,2,1,2,2,2,1,2,2,2,1,2,2,3,2,3,3,3,2,3,3,3,2,3,3
"ATA",2,2,1,2,3,3,2,3,3,3,2,3,3,3,2,3,2,2,1,2,3,3,2,3,3,3,2,3,3,3,2,3,1,1,0,1,2,2,1,2,2,2,1,2,2,2,1,2,2,2,1,2,3,3,2,3,3,3,2,3,3,3,2,3
"ATG",2,2,2,1,3,3,3,2,3,3,3,2,3,3,3,2,2,2,2,1,3,3,3,2,3,3,3,2,3,3,3,2,1,1,1,0,2,2,2,1,2,2,2,1,2,2,2,1,2,2,2,1,3,3,3,2,3,3,3,2,3,3,3,2
"ACT",2,3,3,3,1,2,2,2,2,3,3,3,2,3,3,3,2,3,3,3,1,2,2,2,2,3,3,3,2,3,3,3,1,2,2,2,0,1,1,1,1,2,2,2,1,2,2,2,2,3,3,3,1,2,2,2,2,3,3,3,2,3,3,3
"ACC",3,2,3,3,2,1,2,2,3,2,3,3,3,2,3,3,3,2,3,3,2,1,2,2,3,2,3,3,3,2,3,3,2,1,2,2,1,0,1,1,2,1,2,2,2,1,2,2,3,2,3,3,2,1,2,2,3,2,3,3,3,2,3,3
"ACA",3,3,2,3,2,2,1,2,3,3,2,3,3,3,2,3,3,3,2,3,2,2,1,2,3,3,2,3,3,3,2,3,2,2,1,2,1,1,0,1,2,2,1,2,2,2,1,2,3,3,2,3,2,2,1,2,3,3,2,3,3,3,2,3
"ACG",3,3,3,2,2,2,2,1,3,3,3,2,3,3,3,2,3,3,3,2,2,2,2,1,3,3,3,2,3,3,3,2,2,2,2,1,1,1,1,0,2,2,2,1,2,2,2,1,3,3,3,2,2,2,2,1,3,3,3,2,3,3,3,2
"AAT",2,3,3,3,2,3,3,3,1,2,2,2,2,3,3,3,2,3,3,3,2,3,3,3,1,2,2,2,2,3,3,3,1,2,2,2,1,2,2,2,0,1,1,1,1,2,2,2,2,3,3,3,2,3,3,3,1,2,2,2,2,3,3,3
"AAC",3,2,3,3,3,2,3,3,2,1,2,2,3,2,3,3,3,2,3,3,3,2,3,3,2,1,2,2,3,2,3,3,2,1,2,2,2,1,2,2,1,0,1,1,2,1,2,2,3,2,3,3,3,2,3,3,2,1,2,2,3,2,3,3
"AAA",3,3,2,3,3,3,2,3,2,2,1,2,3,3,2,3,3,3,2,3,3,3,2,3,2,2,1,2,3,3,2,3,2,2,1,2,2,2,1,2,1,1,0,1,2,2,1,2,3,3,2,3,3,3,2,3,2,2,1,2,3,3,2,3
"AAG",3,3,3,2,3,3,3,2,2,2,2,1,3,3,3,2,3,3,3,2,3,3,3,2,2,2,2,1,3,3,3,2,2,2,2,1,2,2,2,1,1,1,1,0,2,2,2,1,3,3,3,2,3,3,3,2,2,2,2,1,3,3,3,2
"AGT",2,3,3,3,2,3,3,3,2,3,3,3,1,2,2,2,2,3,3,3,2,3,3,3,2,3,3,3,1,2,2,2,1,2,2,2,1,2,2,2,1,2,2,2,0,1,1,1,2,3,3,3,2,3,3,3,2,3,3,3,1,2,2,2
"AGC",3,2,3,3,3,2,3,3,3,2,3,3,2,1,2,2,3,2,3,3,3,2,3,3,3,2,3,3,2,1,2,2,2,1,2,2,2,1,2,2,2,1,2,2,1,0,1,1,3,2,3,3,3,2,3,3,3,2,3,3,2,1,2,2
"AGA",3,3,2,3,3,3,2,3,3,3,2,3,2,2,1,2,3,3,2,3,3,3,2,3,3,3,2,3,2,2,1,2,2,2,1,2,2,2,1,2,2,2,1,2,1,1,0,1,3,3,2,3,3,3,2,3,3,3,2,3,2,2,1,2
"AGG",3,3,3,2,3,3,3,2,3,3,3,2,2,2,2,1,3,3,3,2,3,3,3,2,3,3,3,2,2,2,2,1,2,2,2,1,2,2,2,1,2,2,2,1,1,1,1,0,3,3,3,2,3,3,3,2,3,3,3,2,2,2,2,1
"GTT",1,2,2,2,2,3,3,3,2,3,3,3,2,3,3,3,1,2,2,2,2,3,3,3,2,3,3,3,2,3,3,3,1,2,2,2,2,3,3,3,2,3,3,3,2,3,3,3,0,1,1,1,1,2,2,2,1,2,2,2,1,2,2,2
"GTC",2,1,2,2,3,2,3,3,3,2,3,3,3,2,3,3,2,1,2,2,3,2,3,3,3,2,3,3,3,2,3,3,2,1,2,2,3,2,3,3,3,2,3,3,3,2,3,3,1,0,1,1,2,1,2,2,2,1,2,2,2,1,2,2
"GTA",2,2,1,2,3,3,2,3,3,3,2,3,3,3,2,3,2,2,1,2,3,3,2,3,3,3,2,3,3,3,2,3,2,2,1,2,3,3,2,3,3,3,2,3,3,3,2,3,1,1,0,1,2,2,1,2,2,2,1,2,2,2,1,2
"GTG",2,2,2,1,3,3,3,2,3,3,3,2,3,3,3,2,2,2,2,1,3,3,3,2,3,3,3,2,3,3,3,2,2,2,2,1,3,3,3,2,3,3,3,2,3,3,3,2,1,1,1,0,2,2,2,1,2,2,2,1,2,2,2,1
"GCT",2,3,3,3,1,2,2,2,2,3,3,3,2,3,3,3,2,3,3,3,1,2,2,2,2,3,3,3,2,3,3,3,2,3,3,3,1,2,2,2,2,3,3,3,2,3,3,3,1,2,2,2,0,1,1,1,1,2,2,2,1,2,2,2
"GCC",3,2,3,3,2,1,2,2,3,2,3,3,3,2,3,3,3,2,3,3,2,1,2,2,3,2,3,3,3,2,3,3,3,2,3,3,2,1,2,2,3,2,3,3,3,2,3,3,2,1,2,2,1,0,1,1,2,1,2,2,2,1,2,2
"GCA",3,3,2,3,2,2,1,2,3,3,2,3,3,3,2,3,3,3,2,3,2,2,1,2,3,3,2,3,3,3,2,3,3,3,2,3,2,2,1,2,3,3,2,3,3,3,2,3,2,2,1,2,1,1,0,1,2,2,1,2,2,2,1,2
"GCG",3,3,3,2,2,2,2,1,3,3,3,2,3,3,3,2,3,3,3,2,2,2,2,1,3,3,3,2,3,3,3,2,3,3,3,2,2,2,2,1,3,3,3,2,3,3,3,2,2,2,2,1,1,1,1,0,2,2,2,1,2,2,2,1
"GAT",2,3,3,3,2,3,3,3,1,2,2,2,2,3,3,3,2,3,3,3,2,3,3,3,1,2,2,2,2,3,3,3,2,3,3,3,2,3,3,3,1,2,2,2,2,3,3,3,1,2,2,2,1,2,2,2,0,1,1,1,1,2,2,2
"GAC",3,2,3,3,3,2,3,3,2,1,2,2,3,2,3,3,3,2,3,3,3,2,3,3,2,1,2,2,3,2,3,3,3,2,3,3,3,2,3,3,2,1,2,2,3,2,3,3,2,1,2,2,2,1,2,2,1,0,1,1,2,1,2,2
"GAA",3,3,2,3,3,3,2,3,2,2,1,2,3,3,2,3,3,3,2,3,3,3,2,3,2,2,1,2,3,3,2,3,3,3,2,3,3,3,2,3,2,2,1,2,3,3,2,3,2,2,1,2,2,2,1,2,1,1,0,1,2,2,1,2
"GAG",3,3,3,2,3,3,3,2,2,2,2,1,3,3,3,2,3,3,3,2,3,3,3,2,2,2,2,1,3,3,3,2,3,3,3,2,3,3,3,2,2,2,2,1,3,3,3,2,2,2,2,1,2,2,2,1,1,1,1,0,2,2,2,1
"GGT",2,3,3,3,2,3,3,3,2,3,3,3,1,2,2,2,2,3,3,3,2,3,3,3,2,3,3,3,1,2,2,2,2,3,3,3,2,3,3,3,2,3,3,3,1,2,2,2,1,2,2,2,1,2,2,2,1,2,2,2,0,1,1,1
"GGC",3,2,3,3,3,2,3,3,3,2,3,3,2,1,2,2,3,2,3,3,3,2,3,3,3,2,3,3,2,1,2,2,3,2,3,3,3,2,3,3,3,2,3,3,2,1,2,2,2,1,2,2,2,1,2,2,2,1,2,2,1,0,1,1
"GGA",3,3,2,3,3,3,2,3,3,3,2,3,2,2,1,2,3,3,2,3,3,3,2,3,3,3,2,3,2,2,1,2,3,3,2,3,3,3,2,3,3,3,2,3,2,2,1,2,2,2,1,2,2,2,1,2,2,2,1,2,1,1,0,1
"GGG",3,3,3,2,3,3,3,2,3,3,3,2,2,2,2,1,3,3,3,2,3,3,3,2,3,3,3,2,2,2,2,1,3,3,3,2,3,3,3,2,3,3,3,2,2,2,2,1,2,2,2,1,2,2,2,1,2,2,2,1,1,1,1,0
