"","P5","P4","P3","P2","P1","P5'","P4'","P3'","P2'","P1'"
"A",0.0358306188925081,0.498371335504886,0.0130293159609121,0,0,0,0,0.00335570469798658,0.0535117056856187,0
"C",0,0,0,0,0,0,0,0,0.00668896321070234,0
"D",0.214983713355049,0,0.00651465798045603,0.00325732899022801,0,0,0.661237785016287,0.0302013422818792,0.0334448160535117,0.254180602006689
"E",0.0846905537459283,0,0.0912052117263844,0,0,0,0.0260586319218241,0.0100671140939597,0.384615384615385,0.37123745819398
"F",0,0,0.42671009771987,0.0846905537459283,0,0,0,0,0,0
"G",0,0.0814332247557003,0,0,0,0.742671009771987,0,0,0.107023411371237,0.0133779264214047
"H",0,0,0,0,0.00325732899022801,0,0,0,0.0234113712374582,0.00668896321070234
"I",0,0,0.0162866449511401,0,0,0,0,0,0,0.00334448160535117
"K",0.0390879478827362,0,0.153094462540717,0,0,0,0,0.00335570469798658,0.0367892976588629,0.00334448160535117
"L",0,0,0.283387622149837,0.596091205211726,0,0,0,0,0,0
"M",0,0,0,0,0,0,0,0,0.0301003344481605,0
"N",0.0553745928338762,0.306188925081433,0,0,0,0.218241042345277,0,0.0906040268456376,0.00668896321070234,0.11371237458194
"P",0.0814332247557003,0,0,0,0,0,0.312703583061889,0.197986577181208,0,0.0167224080267559
"Q",0.140065146579805,0.0228013029315961,0.00325732899022801,0,0.996742671009772,0,0,0,0.183946488294314,0.0702341137123746
"R",0.00325732899022801,0,0.00651465798045603,0,0,0,0,0,0.0501672240802676,0
"S",0.11400651465798,0.0521172638436482,0,0.00325732899022801,0,0.0390879478827362,0,0.00335570469798658,0,0.0334448160535117
"T",0.211726384364821,0.0390879478827362,0,0,0,0,0,0.130872483221477,0,0.0568561872909699
"V",0.0195439739413681,0,0,0,0,0,0,0.530201342281879,0.0836120401337793,0.0568561872909699
"W",0,0,0,0,0,0,0,0,0,0
"Y",0,0,0,0.312703583061889,0,0,0,0,0,0
