"site","wildtype","A","C","D","E","F","G","H","I","K","L","M","N","P","Q","R","S","T","V","W","Y"
1,"M",0,0,0,0,0,0,0,1,0,0,0,0,0,0,0,0,0,0,0,0
2,"G",0,0,0,0,0,0,0,0,0,0,0,0,0,0,0,0,0,0,0,0
3,"A",0,0,0,0,0,0,0,0,0,0,0,0,0,0,0,0,0,0,0,0
4,"Q",0,0,0,0,0,0,1,0,0,0,0,0,0,0,0,0,0,0,0,0
5,"V",0,0,0,0,0,0,0,0,0,0,0,0,0,0,0,0,0,0,0,0
6,"S",0,0,0,0,0,0,0,0,0,0,0,0,0,0,0,0,0,0,0,0
7,"T",0,0,0,0,0,0,0,0,0,0,1,0,0,0,0,0,0,0,0,0
8,"Q",0,0,0,0,0,0,1,0,0,0,0,0,0,0,0,0,0,0,0,0
9,"K",0,0,0,0,0,0,0,0,0,0,1,1,0,0,0,0,0,0,0,0
10,"T",0,0,0,0,0,0,0,0,0,0,0,0,0,0,0,0,0,0,0,0
11,"G",0,0,0,0,0,0,0,0,0,0,0,0,0,0,0,0,0,0,1,0
12,"A",0,0,0,0,0,0,0,0,0,0,0,0,0,0,0,0,0,0,0,0
13,"H",0,0,0,0,0,0,0,0,0,0,0,0,0,1,0,0,0,0,0,0
14,"E",0,0,1,0,0,0,0,0,0,0,0,0,0,0,0,0,0,0,0,0
15,"T",0,0,0,0,0,0,0,0,0,0,0,0,0,0,0,0,0,0,0,0
16,"R",0,0,0,0,0,0,0,0,0,0,1,0,0,0,0,0,0,0,1,0
17,"L",0,0,0,0,0,0,0,0,0,0,1,0,0,0,0,0,0,0,0,0
18,"N",0,0,0,0,0,0,0,0,1,0,0,0,0,0,0,0,0,0,0,0
19,"A",0,0,0,0,0,0,0,0,0,0,0,0,0,0,0,0,0,0,0,0
20,"S",0,0,0,0,0,0,0,0,0,0,0,0,0,0,0,0,0,0,0,0
21,"G",0,0,0,0,0,0,0,0,0,0,0,0,0,0,0,0,0,0,0,0
22,"N",0,0,0,0,0,0,0,0,1,0,0,0,0,0,0,0,0,0,0,0
23,"S",0,0,0,0,0,0,0,0,0,0,0,0,0,0,0,0,0,0,0,0
24,"I",0,0,0,0,0,0,0,0,0,0,1,0,0,0,0,0,0,0,0,0
25,"I",0,0,0,0,0,0,0,0,0,0,1,0,0,0,0,0,0,0,0,0
26,"H",0,0,0,0,0,0,0,0,0,0,0,0,0,1,0,0,0,0,0,0
27,"Y",0,0,0,0,0,0,0,0,0,0,0,0,0,0,0,0,0,0,0,0
28,"T",0,0,0,0,0,0,0,0,0,0,0,0,0,0,0,0,0,0,0,0
29,"N",0,0,0,0,0,0,0,0,1,0,0,0,0,0,0,0,0,0,0,0
30,"I",0,0,0,0,0,0,0,0,0,0,1,0,0,0,0,0,0,0,0,0
31,"N",0,0,0,0,0,0,0,0,1,0,0,0,0,0,0,0,0,0,0,0
32,"Y",0,0,0,0,0,0,0,0,0,0,0,0,0,0,0,0,0,0,0,0
33,"Y",0,0,0,0,0,0,0,0,0,0,0,0,0,0,0,0,0,0,0,0
34,"K",0,0,0,0,0,0,0,0,0,0,1,1,0,0,0,0,0,0,0,0
35,"D",0,0,0,1,0,0,0,0,0,0,0,0,0,0,0,0,0,0,0,0
36,"A",0,0,0,0,0,0,0,0,0,0,0,0,0,0,0,0,0,0,0,0
37,"A",0,0,0,0,0,0,0,0,0,0,0,0,0,0,0,0,0,0,0,0
38,"S",0,0,0,0,0,0,0,0,0,0,0,0,0,0,0,0,0,0,0,0
39,"N",0,0,0,0,0,0,0,0,1,0,0,0,0,0,0,0,0,0,0,0
40,"S",0,0,0,0,0,0,0,0,0,0,0,0,0,0,0,0,0,0,0,0
41,"A",0,0,0,0,0,0,0,0,0,0,0,0,0,0,0,0,0,0,0,0
42,"N",0,0,0,0,0,0,0,0,1,0,0,0,0,0,0,0,0,0,0,0
43,"R",0,0,0,0,0,0,0,0,0,0,0,0,0,0,0,0,0,0,1,0
44,"Q",0,0,0,0,0,0,1,0,0,0,0,0,0,0,0,0,0,0,0,0
45,"D",0,0,0,1,0,0,0,0,0,0,0,0,0,0,0,0,0,0,0,0
46,"F",0,0,0,0,0,0,0,0,0,0,0,0,0,0,0,0,0,0,0,0
47,"T",0,0,0,0,0,0,0,0,0,0,0,0,0,0,0,0,0,0,0,0
48,"Q",0,0,0,0,0,0,1,0,0,0,0,0,0,0,0,0,0,0,0,0
49,"D",0,0,0,1,0,0,0,0,0,0,0,0,0,0,0,0,0,0,0,0
50,"P",0,0,0,0,0,0,0,0,0,0,0,0,0,0,0,0,0,0,0,0
51,"G",0,0,0,0,0,0,0,0,0,0,0,0,0,0,0,0,0,0,0,0
52,"K",0,0,0,0,0,0,0,0,0,0,1,1,0,0,0,0,0,0,0,0
53,"F",0,0,0,0,0,0,0,0,0,0,0,0,0,0,0,0,0,0,0,0
54,"T",0,0,0,0,0,0,0,0,0,0,0,0,0,0,0,0,0,0,0,0
55,"E",0,0,1,0,0,0,0,0,0,0,0,0,0,0,0,0,0,0,0,0
56,"P",0,0,0,0,0,0,0,0,0,0,0,0,0,0,0,0,0,0,0,0
57,"V",0,0,0,0,0,0,0,0,0,0,1,0,0,0,0,0,0,0,0,0
58,"K",0,0,0,0,0,0,0,0,0,0,0,1,0,0,0,0,0,0,0,0
59,"D",0,0,0,1,0,0,0,0,0,0,0,0,0,0,0,0,0,0,0,0
60,"I",0,0,0,0,0,0,0,0,0,0,1,0,0,0,0,0,0,0,0,0
61,"M",0,0,0,0,0,0,0,1,0,0,0,0,0,0,0,0,0,0,0,0
62,"I",0,0,0,0,0,0,0,0,0,0,1,0,0,0,0,0,0,0,0,0
63,"K",0,0,0,0,0,0,0,0,0,0,0,1,0,0,0,0,0,0,0,0
64,"S",0,0,0,0,0,0,0,0,0,0,0,0,0,0,0,0,0,0,0,0
65,"L",0,0,0,0,0,0,0,0,0,0,0,0,0,0,0,0,0,0,0,0
66,"P",0,0,0,0,0,0,0,0,0,0,0,0,0,0,0,0,0,0,0,0
67,"A",0,0,0,0,0,0,0,0,0,0,0,0,0,0,0,0,0,0,0,0
68,"L",0,0,0,0,0,0,0,0,0,0,0,0,0,0,0,0,0,0,0,0
69,"N",0,0,0,0,0,0,0,0,1,0,0,0,0,0,0,0,0,0,0,0
70,"S",0,0,0,0,0,0,0,0,0,0,0,0,0,0,0,0,0,0,0,0
71,"P",0,0,0,0,0,0,0,0,0,0,0,0,0,0,0,0,0,0,0,0
72,"T",0,0,0,0,0,0,0,0,0,0,0,0,0,0,0,0,0,0,0,0
73,"V",0,0,0,0,0,0,0,0,0,0,0,0,0,0,0,0,0,0,0,0
74,"E",0,0,1,0,0,0,0,0,0,0,0,0,0,0,0,0,0,0,0,0
75,"E",0,0,1,0,0,0,0,0,0,0,0,0,0,0,0,0,0,0,0,0
76,"C",0,0,0,0,0,0,0,0,0,0,0,0,0,0,0,0,0,0,1,0
77,"G",0,0,0,0,0,0,0,0,0,0,0,0,0,0,0,0,0,0,0,0
78,"Y",0,0,0,0,0,0,0,0,0,0,0,0,0,0,0,0,0,0,0,0
79,"S",0,0,0,0,0,0,0,0,0,0,0,0,0,0,0,0,0,0,0,0
80,"D",0,0,0,1,0,0,0,0,0,0,0,0,0,0,0,0,0,0,0,0
81,"R",0,0,0,0,0,0,0,0,0,0,1,0,0,0,0,0,0,0,1,0
82,"A",0,0,0,0,0,0,0,0,0,0,0,0,0,0,0,0,0,0,0,0
83,"R",0,0,0,0,0,0,0,0,0,0,0,0,0,0,0,0,0,0,0,0
84,"S",0,0,0,0,0,0,0,0,0,0,0,0,0,0,0,0,0,0,0,0
85,"I",0,0,0,0,0,0,0,0,0,0,1,0,0,0,0,0,0,0,0,0
86,"T",0,0,0,0,0,0,0,0,0,0,0,0,0,0,0,0,0,0,0,0
87,"L",0,0,0,0,1,0,0,0,0,0,0,0,0,0,0,0,0,0,0,0
88,"G",0,0,0,0,0,0,0,0,0,0,0,0,0,0,0,0,0,0,0,0
89,"N",0,0,0,0,0,0,0,0,1,0,0,0,0,0,0,0,0,0,0,0
90,"S",0,0,0,0,0,0,0,0,0,0,0,0,0,0,0,0,0,0,0,0
91,"T",0,0,0,0,0,0,0,0,0,0,0,0,0,0,0,0,0,0,0,0
92,"I",0,0,0,0,0,0,0,0,0,0,1,0,0,0,0,0,0,0,0,0
93,"T",0,0,0,0,0,0,0,0,0,0,1,0,0,0,0,0,0,0,0,0
94,"T",0,0,0,0,0,0,0,0,0,0,0,0,0,0,0,0,0,0,0,0
95,"Q",0,0,0,0,0,0,1,0,0,0,0,0,0,0,0,0,0,0,0,0
96,"E",0,0,1,0,0,0,0,0,0,0,0,0,0,0,0,0,0,0,0,0
97,"C",0,0,0,0,0,0,0,0,0,0,0,0,0,0,0,0,0,0,1,0
98,"A",0,0,0,0,0,0,0,0,0,0,0,0,0,0,0,0,0,0,0,0
99,"N",0,0,0,0,0,0,0,0,1,0,0,0,0,0,0,0,0,0,0,0
100,"V",0,0,0,0,0,0,0,0,0,0,1,0,0,0,0,0,0,0,0,0
101,"V",0,0,0,0,0,0,0,0,0,0,1,0,0,0,0,0,0,0,0,0
102,"V",0,0,0,0,0,0,0,0,0,0,1,0,0,0,0,0,0,0,0,0
103,"G",0,0,0,0,0,0,0,0,0,0,0,0,0,0,0,0,0,0,0,0
104,"Y",0,0,0,0,0,0,0,0,0,0,0,0,0,0,0,0,0,0,0,0
105,"G",0,0,0,0,0,0,0,0,0,0,0,0,0,0,0,0,0,0,0,0
106,"V",0,0,0,0,0,0,0,0,0,0,0,0,0,0,0,0,0,0,0,0
107,"W",0,1,0,0,0,0,0,0,0,0,0,0,0,0,0,0,0,0,0,0
108,"P",0,0,0,0,0,0,0,0,0,0,0,0,0,0,0,0,0,0,0,0
109,"D",0,0,0,1,0,0,0,0,0,0,0,0,0,0,0,0,0,0,0,0
110,"Y",0,0,0,0,0,0,0,0,0,0,0,0,0,0,0,0,0,0,0,0
111,"L",0,0,0,0,0,0,0,0,0,0,0,0,0,0,0,0,0,0,0,0
112,"K",0,0,0,0,0,0,0,0,0,0,1,1,0,0,0,0,0,0,0,0
113,"D",0,0,0,1,0,0,0,0,0,0,0,0,0,0,0,0,0,0,0,0
114,"S",0,0,0,0,0,0,0,0,0,0,0,0,0,0,0,0,0,0,0,0
115,"E",0,0,1,0,0,0,0,0,0,0,0,0,0,0,0,0,0,0,0,0
116,"A",0,0,0,0,0,0,0,0,0,0,0,0,0,0,0,0,0,0,0,0
117,"T",0,0,0,0,0,0,0,0,0,0,0,0,0,0,0,0,0,0,0,0
118,"A",0,0,0,0,0,0,0,0,0,0,0,0,0,0,0,0,0,0,0,0
119,"E",0,0,1,0,0,0,0,0,0,0,0,0,0,0,0,0,0,0,0,0
120,"D",0,0,0,1,0,0,0,0,0,0,0,0,0,0,0,0,0,0,0,0
121,"Q",0,0,0,0,0,0,1,0,0,0,0,0,0,0,0,0,0,0,0,0
122,"P",0,0,0,0,0,0,0,0,0,0,0,0,0,0,0,0,0,0,0,0
123,"T",0,0,0,0,0,0,0,0,0,0,0,0,0,0,0,0,0,0,0,0
124,"Q",0,0,0,0,0,0,1,0,0,0,0,0,0,0,0,0,0,0,0,0
125,"P",0,0,0,0,0,0,0,0,0,0,0,0,0,0,0,0,0,0,0,0
126,"D",0,0,0,1,0,0,0,0,0,0,0,0,0,0,0,0,0,0,0,0
127,"V",0,0,0,0,0,0,0,0,0,0,0,0,0,0,0,0,0,0,0,0
128,"A",0,0,0,0,0,0,0,0,0,0,0,0,0,0,0,0,0,0,0,0
129,"T",0,0,0,0,0,0,0,0,0,0,0,0,0,0,0,0,0,0,0,0
130,"C",0,0,0,0,0,0,0,0,0,0,0,0,0,0,0,0,0,0,1,0
131,"R",0,0,0,0,0,0,0,0,0,0,1,0,0,0,0,0,0,0,1,0
132,"F",0,0,0,0,0,0,0,0,0,0,0,0,0,0,0,0,0,0,0,0
133,"Y",0,0,0,0,0,0,0,0,0,0,0,0,0,0,0,0,0,0,0,0
134,"T",0,0,0,0,0,0,0,0,0,0,0,0,0,0,0,0,0,0,0,0
135,"L",0,0,0,0,0,0,0,0,0,0,0,0,0,0,0,0,0,0,0,0
136,"D",0,0,0,1,0,0,0,0,0,0,0,0,0,0,0,0,0,0,0,0
137,"S",0,0,0,0,0,0,0,0,0,0,0,0,0,0,0,0,0,0,0,0
138,"V",0,0,0,0,0,0,0,0,0,0,1,0,0,0,0,0,0,0,0,0
139,"Q",0,0,0,0,0,0,1,0,0,0,0,0,0,0,0,0,0,0,0,0
140,"W",0,1,0,0,0,0,0,0,0,0,0,0,0,0,0,0,0,0,0,0
141,"Q",0,0,0,0,0,0,1,0,0,0,0,0,0,0,0,0,0,0,0,0
142,"K",0,0,0,0,0,0,0,0,0,0,0,1,0,0,0,0,0,0,0,0
143,"T",0,0,0,0,0,0,0,0,0,0,0,0,0,0,0,0,0,0,0,0
144,"S",0,0,0,0,0,0,0,0,0,0,0,0,0,0,0,0,0,0,0,0
145,"P",0,0,0,0,0,0,0,0,0,0,0,0,0,0,0,0,0,0,0,0
146,"G",0,0,0,0,0,0,0,0,0,0,0,0,0,0,0,0,0,0,0,0
147,"W",0,1,0,0,0,0,0,0,0,0,0,0,0,0,0,0,0,0,0,0
148,"W",0,1,0,0,0,0,0,0,0,0,0,0,0,0,0,0,0,0,0,0
149,"W",0,1,0,0,0,0,0,0,0,0,0,0,0,0,0,0,0,0,0,0
150,"K",0,0,0,0,0,0,0,0,0,0,1,1,0,0,0,0,0,0,0,0
151,"L",0,0,0,0,0,0,0,0,0,0,1,0,0,0,0,0,0,0,0,0
152,"P",0,0,0,0,0,0,0,0,0,0,0,0,0,0,0,0,0,0,0,0
153,"D",0,0,0,1,0,0,0,0,0,0,0,0,0,0,0,0,0,0,0,0
154,"A",0,0,0,0,0,0,0,0,0,0,0,0,0,0,0,0,0,0,0,0
155,"L",0,0,0,0,1,0,0,0,0,0,1,0,0,0,0,0,0,0,1,0
156,"S",0,0,0,0,0,0,0,0,0,0,0,0,0,0,0,0,0,0,1,0
157,"N",0,0,0,0,0,0,0,0,1,0,0,0,0,0,0,0,0,0,0,0
158,"L",0,0,0,0,1,0,0,0,0,0,0,0,0,0,0,0,0,0,0,0
159,"G",0,0,0,0,0,0,0,0,0,0,0,0,0,0,0,0,0,0,0,0
160,"L",0,0,0,0,0,0,0,0,0,0,1,0,0,0,0,0,0,0,0,0
161,"F",0,0,0,0,0,0,0,0,0,0,0,0,0,0,0,0,0,0,0,0
162,"G",0,0,0,0,0,0,0,0,0,0,0,0,0,0,0,0,0,0,1,0
163,"Q",0,0,0,0,0,0,1,0,0,0,0,0,0,0,0,0,0,0,0,0
164,"N",0,0,0,0,0,0,0,0,1,0,0,0,0,0,0,0,0,0,0,0
165,"M",0,0,0,0,0,0,0,1,0,0,0,0,0,0,0,0,0,0,0,0
166,"Q",0,0,0,0,0,0,1,0,0,0,0,0,0,0,0,0,0,0,0,0
167,"Y",0,0,0,0,0,0,0,0,0,0,0,0,0,0,0,0,0,0,0,0
168,"H",0,0,0,0,0,0,0,0,0,0,0,0,0,1,0,0,0,0,0,0
169,"Y",0,0,0,0,0,0,0,0,0,0,0,0,0,0,0,0,0,0,0,0
170,"L",0,0,0,0,1,0,0,0,0,0,0,0,0,0,0,0,0,0,0,0
171,"G",0,0,0,0,0,0,0,0,0,0,0,0,0,0,0,0,0,0,0,0
172,"R",0,0,0,0,0,0,0,0,0,0,0,0,0,0,0,0,0,0,0,0
173,"T",0,0,0,0,0,0,0,0,0,0,0,0,0,0,0,0,0,0,0,0
174,"G",0,0,0,0,0,0,0,0,0,0,0,0,0,0,0,0,0,0,1,0
175,"Y",0,0,0,0,0,0,0,0,0,0,0,0,0,0,0,0,0,0,0,0
176,"T",0,0,0,0,0,0,0,0,0,0,0,0,0,0,0,0,0,0,0,0
177,"V",0,0,0,0,0,0,0,0,0,0,0,0,0,0,0,0,0,0,0,0
178,"H",0,0,0,0,0,0,0,0,0,0,0,0,0,1,0,0,0,0,0,0
179,"V",0,0,0,0,0,0,0,0,0,0,1,0,0,0,0,0,0,0,0,0
180,"Q",0,0,0,0,0,0,1,0,0,0,0,0,0,0,0,0,0,0,0,0
181,"C",0,0,0,0,0,0,0,0,0,0,0,0,0,0,0,0,0,0,1,0
182,"N",0,0,0,0,0,0,0,0,1,0,0,0,0,0,0,0,0,0,0,0
183,"A",0,0,0,0,0,0,0,0,0,0,0,0,0,0,0,0,0,0,0,0
184,"S",0,0,0,0,0,0,0,0,0,0,0,0,0,0,0,0,0,0,0,0
185,"K",0,0,0,0,0,0,0,0,0,0,1,1,0,0,0,0,0,0,0,0
186,"F",0,0,0,0,0,0,0,0,0,0,0,0,0,0,0,0,0,0,0,0
187,"H",0,0,0,0,0,0,0,0,0,0,0,0,0,1,0,0,0,0,0,0
188,"Q",0,0,0,0,0,0,1,0,0,0,0,0,0,0,0,0,0,0,0,0
189,"G",0,0,0,0,0,0,0,0,0,0,0,0,0,0,0,0,0,0,0,0
190,"C",0,0,0,0,0,0,0,0,0,0,0,0,0,0,0,0,0,0,1,0
191,"L",0,0,0,0,1,0,0,0,0,0,1,0,0,0,0,0,0,0,1,0
192,"L",0,0,0,0,0,0,0,0,0,0,0,0,0,0,0,0,0,0,0,0
193,"V",0,0,0,0,0,0,0,0,0,0,0,0,0,0,0,0,0,0,0,0
194,"V",0,0,0,0,0,0,0,0,0,0,1,0,0,0,0,0,0,0,0,0
195,"C",0,0,0,0,0,0,0,0,0,0,0,0,0,0,0,0,0,0,1,0
196,"V",0,0,0,0,0,0,0,0,0,0,0,0,0,0,0,0,0,0,0,0
197,"P",0,0,0,0,0,0,0,0,0,0,0,0,0,0,0,0,0,0,0,0
198,"E",0,0,1,0,0,0,0,0,0,0,0,0,0,0,0,0,0,0,0,0
199,"A",0,0,0,0,0,0,0,0,0,0,0,0,0,0,0,0,0,0,0,0
200,"E",0,0,1,0,0,0,0,0,0,0,0,0,0,0,0,0,0,0,0,0
201,"M",0,0,0,0,0,0,0,1,0,0,0,0,0,0,0,0,0,0,0,0
202,"G",0,0,0,0,0,0,0,0,0,0,0,0,0,0,0,0,0,0,0,0
203,"C",0,0,0,0,0,0,0,0,0,0,0,0,0,0,0,0,0,0,1,0
204,"A",0,0,0,0,0,0,0,0,0,0,0,0,0,0,0,0,0,0,0,0
205,"T",0,0,0,0,0,0,0,0,0,0,1,0,0,0,0,0,0,0,0,0
206,"L",0,0,0,0,0,0,0,0,0,0,0,0,0,0,0,0,0,0,0,0
207,"D",0,0,0,1,0,0,0,0,0,0,0,0,0,0,0,0,0,0,0,0
208,"N",0,0,0,0,0,0,0,0,1,0,0,0,0,0,0,0,0,0,0,0
209,"T",0,0,0,0,0,0,0,0,0,0,0,0,0,0,0,0,0,0,0,0
210,"P",0,0,0,0,0,0,0,0,0,0,0,0,0,0,0,0,0,0,0,0
211,"S",0,0,0,0,0,0,0,0,0,0,0,0,0,0,0,0,0,0,0,0
212,"S",0,0,0,0,0,0,0,0,0,0,0,0,0,0,0,0,0,0,0,0
213,"A",0,0,0,0,0,0,0,0,0,0,0,0,0,0,0,0,0,0,0,0
214,"E",0,0,1,0,0,0,0,0,0,0,0,0,0,0,0,0,0,0,0,0
215,"L",0,0,0,0,1,0,0,0,0,0,1,0,0,0,0,0,0,0,1,0
216,"L",0,0,0,0,0,0,0,0,0,0,1,0,0,0,0,0,0,0,0,0
217,"G",0,0,0,0,0,0,0,0,0,0,0,0,0,0,0,0,0,0,1,0
218,"G",0,0,0,0,0,0,0,0,0,0,0,0,0,0,0,0,0,0,0,0
219,"D",0,0,0,1,0,0,0,0,0,0,0,0,0,0,0,0,0,0,0,0
220,"S",0,0,0,0,0,0,0,0,0,0,0,0,0,0,0,0,0,0,0,0
221,"A",0,0,0,0,0,0,0,0,0,0,0,0,0,0,0,0,0,0,0,0
222,"K",0,0,0,0,0,0,0,0,0,0,1,1,0,0,0,0,0,0,0,0
223,"E",0,0,1,0,0,0,0,0,0,0,0,0,0,0,0,0,0,0,0,0
224,"F",0,0,0,0,0,0,0,0,0,0,0,0,0,0,0,0,0,0,0,0
225,"A",0,0,0,0,0,0,0,0,0,0,0,0,0,0,0,0,0,0,0,0
226,"D",0,0,0,1,0,0,0,0,0,0,0,0,0,0,0,0,0,0,0,0
227,"K",0,0,0,0,0,0,0,0,0,0,0,1,0,0,0,0,0,0,0,0
228,"P",0,0,0,0,0,0,0,0,0,0,0,0,0,0,0,0,0,0,0,0
229,"V",0,0,0,0,0,0,0,0,0,0,0,0,0,0,0,0,0,0,0,0
230,"A",0,0,0,0,0,0,0,0,0,0,0,0,0,0,0,0,0,0,0,0
231,"S",0,0,0,0,0,0,0,0,0,0,0,0,0,0,0,0,0,0,0,0
232,"G",0,0,0,0,0,0,0,0,0,0,0,0,0,0,0,0,0,0,1,0
233,"S",0,0,0,0,0,0,0,0,0,0,0,0,0,0,0,0,0,0,0,0
234,"N",0,0,0,0,0,0,0,0,1,0,0,0,0,0,0,0,0,0,0,0
235,"K",0,0,0,0,0,0,0,0,0,0,1,1,0,0,0,0,0,0,0,0
236,"L",0,0,0,0,1,0,0,0,0,0,1,0,0,0,0,0,0,0,1,0
237,"V",0,0,0,0,0,0,0,0,0,0,0,0,0,0,0,0,0,0,0,0
238,"Q",0,0,0,0,0,0,1,0,0,0,0,0,0,0,0,0,0,0,0,0
239,"R",0,0,0,0,0,0,0,0,0,0,1,0,0,0,0,0,0,0,1,0
240,"V",0,0,0,0,0,0,0,0,0,0,1,0,0,0,0,0,0,0,0,0
241,"V",0,0,0,0,0,0,0,0,0,0,1,0,0,0,0,0,0,0,0,0
242,"Y",0,0,0,0,0,0,0,0,0,0,0,0,0,0,0,0,0,0,0,0
243,"N",0,0,0,0,0,0,0,0,1,0,0,0,0,0,0,0,0,0,0,0
244,"A",0,0,0,0,0,0,0,0,0,0,0,0,0,0,0,0,0,0,0,0
245,"G",0,0,0,0,0,0,0,0,0,0,0,0,0,0,0,0,0,0,0,0
246,"M",0,0,0,0,0,0,0,1,0,0,0,0,0,0,0,0,0,0,0,0
247,"G",0,0,0,0,0,0,0,0,0,0,0,0,0,0,0,0,0,0,1,0
248,"V",0,0,0,0,0,0,0,0,0,0,1,0,0,0,0,0,0,0,0,0
249,"G",0,0,0,0,0,0,0,0,0,0,0,0,0,0,0,0,0,0,0,0
250,"V",0,0,0,0,0,0,0,0,0,0,0,0,0,0,0,0,0,0,0,0
251,"G",0,0,0,0,0,0,0,0,0,0,0,0,0,0,0,0,0,0,0,0
252,"N",0,0,0,0,0,0,0,0,1,0,0,0,0,0,0,0,0,0,0,0
253,"L",0,0,0,0,0,0,0,0,0,0,0,0,0,0,0,0,0,0,0,0
254,"T",0,0,0,0,0,0,0,0,0,0,0,0,0,0,0,0,0,0,0,0
255,"I",0,0,0,0,0,0,0,0,0,0,1,0,0,0,0,0,0,0,0,0
256,"F",0,0,0,0,0,0,0,0,0,0,0,0,0,0,0,0,0,0,0,0
257,"P",0,0,0,0,0,0,0,0,0,0,0,0,0,0,0,0,0,0,0,0
258,"H",0,0,0,0,0,0,0,0,0,0,0,0,0,1,0,0,0,0,0,0
259,"Q",0,0,0,0,0,0,1,0,0,0,0,0,0,0,0,0,0,0,0,0
260,"W",0,1,0,0,0,0,0,0,0,0,0,0,0,0,0,0,0,0,0,0
261,"I",0,0,0,0,0,0,0,0,0,0,1,0,0,0,0,0,0,0,0,0
262,"N",0,0,0,0,0,0,0,0,1,0,0,0,0,0,0,0,0,0,0,0
263,"L",0,0,0,0,0,0,0,0,0,0,0,0,0,0,0,0,0,0,0,0
264,"R",0,0,0,0,0,0,0,0,0,0,0,0,0,0,0,0,0,0,0,0
265,"T",0,0,0,0,0,0,0,0,0,0,0,0,0,0,0,0,0,0,0,0
266,"N",0,0,0,0,0,0,0,0,1,0,0,0,0,0,0,0,0,0,0,0
267,"N",0,0,0,0,0,0,0,0,1,0,0,0,0,0,0,0,0,0,0,0
268,"S",0,0,0,0,0,0,0,0,0,0,0,0,0,0,0,0,0,0,0,0
269,"A",0,0,0,0,0,0,0,0,0,0,0,0,0,0,0,0,0,0,0,0
270,"T",0,0,0,0,0,0,0,0,0,0,0,0,0,0,0,0,0,0,0,0
271,"I",0,0,0,0,0,0,0,0,0,0,1,0,0,0,0,0,0,0,0,0
272,"V",0,0,0,0,0,0,0,0,0,0,1,0,0,0,0,0,0,0,0,0
273,"M",0,0,0,0,0,0,0,1,0,0,0,0,0,0,0,0,0,0,0,0
274,"P",0,0,0,0,0,0,0,0,0,0,0,0,0,0,0,0,0,0,0,0
275,"Y",0,0,0,0,0,0,0,0,0,0,0,0,0,0,0,0,0,0,0,0
276,"T",0,0,0,0,0,0,0,0,0,0,0,0,0,0,0,0,0,0,0,0
277,"N",0,0,0,0,0,0,0,0,1,0,0,0,0,0,0,0,0,0,0,0
278,"S",0,0,0,0,0,0,0,0,0,0,0,0,0,0,0,0,0,0,0,0
279,"V",0,0,0,0,0,0,0,0,0,0,0,0,0,0,0,0,0,0,0,0
280,"P",0,0,0,0,0,0,0,0,0,0,0,0,0,0,0,0,0,0,0,0
281,"M",0,0,0,0,0,0,0,1,0,0,0,0,0,0,0,0,0,0,0,0
282,"D",0,0,0,1,0,0,0,0,0,0,0,0,0,0,0,0,0,0,0,0
283,"N",0,0,0,0,0,0,0,0,1,0,0,0,0,0,0,0,0,0,0,0
284,"M",0,0,0,0,0,0,0,1,0,0,0,0,0,0,0,0,0,0,0,0
285,"F",0,0,0,0,0,0,0,0,0,0,0,0,0,0,0,0,0,0,0,0
286,"R",0,0,0,0,0,0,0,0,0,0,1,0,0,0,0,0,0,0,1,0
287,"H",0,0,0,0,0,0,0,0,0,0,0,0,0,1,0,0,0,0,0,0
288,"N",0,0,0,0,0,0,0,0,1,0,0,0,0,0,0,0,0,0,0,0
289,"N",0,0,0,0,0,0,0,0,1,0,0,0,0,0,0,0,0,0,0,0
290,"V",0,0,0,0,0,0,0,0,0,0,0,0,0,0,0,0,0,0,0,0
291,"T",0,0,0,0,0,0,0,0,0,0,0,0,0,0,0,0,0,0,0,0
292,"L",0,0,0,0,0,0,0,0,0,0,0,0,0,0,0,0,0,0,0,0
293,"M",0,0,0,0,0,0,0,1,0,0,0,0,0,0,0,0,0,0,0,0
294,"V",0,0,0,0,0,0,0,0,0,0,0,0,0,0,0,0,0,0,0,0
295,"I",0,0,0,0,0,0,0,0,0,0,1,0,0,0,0,0,0,0,0,0
296,"P",0,0,0,0,0,0,0,0,0,0,0,0,0,0,0,0,0,0,0,0
297,"F",0,0,0,0,0,0,0,0,0,0,0,0,0,0,0,0,0,0,0,0
298,"V",0,0,0,0,0,0,0,0,0,0,0,0,0,0,0,0,0,0,0,0
299,"P",0,0,0,0,0,0,0,0,0,0,0,0,0,0,0,0,0,0,0,0
300,"L",0,0,0,0,0,0,0,0,0,0,0,0,0,0,0,0,0,0,0,0
301,"D",0,0,0,1,0,0,0,0,0,0,0,0,0,0,0,0,0,0,0,0
302,"Y",0,0,0,0,0,0,0,0,0,0,0,0,0,0,0,0,0,0,0,0
303,"C",0,0,0,0,0,0,0,0,0,0,0,0,0,0,0,0,0,0,1,0
304,"P",0,0,0,0,0,0,0,0,0,0,0,0,0,0,0,0,0,0,0,0
305,"G",0,0,0,0,0,0,0,0,0,0,0,0,0,0,0,0,0,0,1,0
306,"S",0,0,0,0,0,0,0,0,0,0,0,0,0,0,0,0,0,0,0,0
307,"T",0,0,0,0,0,0,0,0,0,0,0,0,0,0,0,0,0,0,0,0
308,"T",0,0,0,0,0,0,0,0,0,0,1,0,0,0,0,0,0,0,0,0
309,"Y",0,0,0,0,0,0,0,0,0,0,0,0,0,0,0,0,0,0,0,0
310,"V",0,0,0,0,0,0,0,0,0,0,0,0,0,0,0,0,0,0,0,0
311,"P",0,0,0,0,0,0,0,0,0,0,0,0,0,0,0,0,0,0,0,0
312,"I",0,0,0,0,0,0,0,0,0,0,1,0,0,0,0,0,0,0,0,0
313,"T",0,0,0,0,0,0,0,0,0,0,1,0,0,0,0,0,0,0,0,0
314,"V",0,0,0,0,0,0,0,0,0,0,0,0,0,0,0,0,0,0,0,0
315,"T",0,0,0,0,0,0,0,0,0,0,1,0,0,0,0,0,0,0,0,0
316,"I",0,0,0,0,0,0,0,0,0,0,1,0,0,0,0,0,0,0,0,0
317,"A",0,0,0,0,0,0,0,0,0,0,0,0,0,0,0,0,0,0,0,0
318,"P",0,0,0,0,0,0,0,0,0,0,0,0,0,0,0,0,0,0,0,0
319,"M",0,0,0,0,0,0,0,1,0,0,0,0,0,0,0,0,0,0,0,0
320,"C",0,0,0,0,0,0,0,0,0,0,0,0,0,0,0,0,0,0,1,0
321,"A",0,0,0,0,0,0,0,0,0,0,0,0,0,0,0,0,0,0,0,0
322,"E",0,0,1,0,0,0,0,0,0,0,0,0,0,0,0,0,0,0,0,0
323,"Y",0,0,0,0,0,0,0,0,0,0,0,0,0,0,0,0,0,0,0,0
324,"N",0,0,0,0,0,0,0,0,1,0,0,0,0,0,0,0,0,0,0,0
325,"G",0,0,0,0,0,0,0,0,0,0,0,0,0,0,0,0,0,0,1,0
326,"L",0,0,0,0,1,0,0,0,0,0,0,0,0,0,0,0,0,0,0,0
327,"R",0,0,0,0,0,0,0,0,0,0,0,0,0,0,0,0,0,0,0,0
328,"L",0,0,0,0,1,0,0,0,0,0,0,0,0,0,0,0,0,0,0,0
329,"A",0,0,0,0,0,0,0,0,0,0,0,0,0,0,0,0,0,0,0,0
330,"G",0,0,0,0,0,0,0,0,0,0,0,0,0,0,0,0,0,0,1,0
331,"H",0,0,0,0,0,0,0,0,0,0,0,0,0,1,0,0,0,0,0,0
332,"Q",0,0,0,0,0,0,1,0,0,0,0,0,0,0,0,0,0,0,0,0
333,"G",0,0,0,0,0,0,0,0,0,0,0,0,0,0,0,0,0,0,0,0
334,"L",0,0,0,0,1,0,0,0,0,0,0,0,0,0,0,0,0,0,0,0
335,"P",0,0,0,0,0,0,0,0,0,0,0,0,0,0,0,0,0,0,0,0
336,"T",0,0,0,0,0,0,0,0,0,0,0,0,0,0,0,0,0,0,0,0
337,"M",0,0,0,0,0,0,0,1,0,0,0,0,0,0,0,0,0,0,0,0
338,"N",0,0,0,0,0,0,0,0,1,0,0,0,0,0,0,0,0,0,0,0
339,"T",0,0,0,0,0,0,0,0,0,0,0,0,0,0,0,0,0,0,0,0
340,"P",0,0,0,0,0,0,0,0,0,0,0,0,0,0,0,0,0,0,0,0
341,"G",0,0,0,0,0,0,0,0,0,0,0,0,0,0,0,0,0,0,1,0
342,"S",0,0,0,0,0,0,0,0,0,0,0,0,0,0,0,0,0,0,0,0
343,"C",0,0,0,0,0,0,0,0,0,0,0,0,0,0,0,0,0,0,1,0
344,"Q",0,0,0,0,0,0,1,0,0,0,0,0,0,0,0,0,0,0,0,0
345,"F",0,0,0,0,0,0,0,0,0,0,0,0,0,0,0,0,0,0,0,0
346,"L",0,0,0,0,0,0,0,0,0,0,1,0,0,0,0,0,0,0,0,0
347,"T",0,0,0,0,0,0,0,0,0,0,0,0,0,0,0,0,0,0,0,0
348,"S",0,0,0,0,0,0,0,0,0,0,0,0,0,0,0,0,0,0,0,0
349,"D",0,0,0,1,0,0,0,0,0,0,0,0,0,0,0,0,0,0,0,0
350,"D",0,0,0,1,0,0,0,0,0,0,0,0,0,0,0,0,0,0,0,0
351,"F",0,0,0,0,0,0,0,0,0,0,0,0,0,0,0,0,0,0,0,0
352,"Q",0,0,0,0,0,0,1,0,0,0,0,0,0,0,0,0,0,0,0,0
353,"S",0,0,0,0,0,0,0,0,0,0,0,0,0,0,0,0,0,0,0,0
354,"P",0,0,0,0,0,0,0,0,0,0,0,0,0,0,0,0,0,0,0,0
355,"S",0,0,0,0,0,0,0,0,0,0,0,0,0,0,0,0,0,0,0,0
356,"A",0,0,0,0,0,0,0,0,0,0,0,0,0,0,0,0,0,0,0,0
357,"M",0,0,0,0,0,0,0,1,0,0,0,0,0,0,0,0,0,0,0,0
358,"P",0,0,0,0,0,0,0,0,0,0,0,0,0,0,0,0,0,0,0,0
359,"Q",0,0,0,0,0,0,1,0,0,0,0,0,0,0,0,0,0,0,0,0
360,"Y",0,0,0,0,0,0,0,0,0,0,0,0,0,0,0,0,0,0,0,0
361,"D",0,0,0,1,0,0,0,0,0,0,0,0,0,0,0,0,0,0,0,0
362,"V",0,0,0,0,0,0,0,0,0,0,0,0,0,0,0,0,0,0,0,0
363,"T",0,0,0,0,0,0,0,0,0,0,0,0,0,0,0,0,0,0,0,0
364,"P",0,0,0,0,0,0,0,0,0,0,0,0,0,0,0,0,0,0,0,0
365,"E",0,0,1,0,0,0,0,0,0,0,0,0,0,0,0,0,0,0,0,0
366,"M",0,0,0,0,0,0,0,1,0,0,0,0,0,0,0,0,0,0,0,0
367,"R",0,0,0,0,0,0,0,0,0,0,1,0,0,0,0,0,0,0,1,0
368,"I",0,0,0,0,0,0,0,0,0,0,1,0,0,0,0,0,0,0,0,0
369,"P",0,0,0,0,0,0,0,0,0,0,0,0,0,0,0,0,0,0,0,0
370,"G",0,0,0,0,0,0,0,0,0,0,0,0,0,0,0,0,0,0,0,0
371,"E",0,0,1,0,0,0,0,0,0,0,0,0,0,0,0,0,0,0,0,0
372,"V",0,0,0,0,0,0,0,0,0,0,1,0,0,0,0,0,0,0,0,0
373,"K",0,0,0,0,0,0,0,0,0,0,0,1,0,0,0,0,0,0,0,0
374,"N",0,0,0,0,0,0,0,0,1,0,0,0,0,0,0,0,0,0,0,0
375,"L",0,0,0,0,1,0,0,0,0,0,1,0,0,0,0,0,0,0,1,0
376,"M",0,0,0,0,0,0,0,1,0,0,0,0,0,0,0,0,0,0,0,0
377,"E",0,0,1,0,0,0,0,0,0,0,0,0,0,0,0,0,0,0,0,0
378,"I",0,0,0,0,0,0,0,0,0,0,1,0,0,0,0,0,0,0,0,0
379,"A",0,0,0,0,0,0,0,0,0,0,0,0,0,0,0,0,0,0,0,0
380,"E",0,0,1,0,0,0,0,0,0,0,0,0,0,0,0,0,0,0,0,0
381,"V",0,0,0,0,0,0,0,0,0,0,0,0,0,0,0,0,0,0,0,0
382,"D",0,0,0,1,0,0,0,0,0,0,0,0,0,0,0,0,0,0,0,0
383,"S",0,0,0,0,0,0,0,0,0,0,0,0,0,0,0,0,0,0,0,0
384,"V",0,0,0,0,0,0,0,0,0,0,0,0,0,0,0,0,0,0,0,0
385,"V",0,0,0,0,0,0,0,0,0,0,0,0,0,0,0,0,0,0,0,0
386,"P",0,0,0,0,0,0,0,0,0,0,0,0,0,0,0,0,0,0,0,0
387,"V",0,0,0,0,0,0,0,0,0,0,0,0,0,0,0,0,0,0,0,0
388,"Q",0,0,0,0,0,0,1,0,0,0,0,0,0,0,0,0,0,0,0,0
389,"N",0,0,0,0,0,0,0,0,1,0,0,0,0,0,0,0,0,0,0,0
390,"V",0,0,0,0,0,0,0,0,0,0,0,0,0,0,0,0,0,0,0,0
391,"G",0,0,0,0,0,0,0,0,0,0,0,0,0,0,0,0,0,0,0,0
392,"E",0,0,1,0,0,0,0,0,0,0,0,0,0,0,0,0,0,0,0,0
393,"K",0,0,0,0,0,0,0,0,0,0,1,1,0,0,0,0,0,0,0,0
394,"V",0,0,0,0,0,0,0,0,0,0,0,0,0,0,0,0,0,0,0,0
395,"N",0,0,0,0,0,0,0,0,1,0,0,0,0,0,0,0,0,0,0,0
396,"S",0,0,0,0,0,0,0,0,0,0,0,0,0,0,0,0,0,0,0,0
397,"M",0,0,0,0,0,0,0,1,0,0,0,0,0,0,0,0,0,0,0,0
398,"E",0,0,1,0,0,0,0,0,0,0,0,0,0,0,0,0,0,0,0,0
399,"A",0,0,0,0,0,0,0,0,0,0,0,0,0,0,0,0,0,0,0,0
400,"Y",0,0,0,0,0,0,0,0,0,0,0,0,0,0,0,0,0,0,0,0
401,"Q",0,0,0,0,0,0,1,0,0,0,0,0,0,0,0,0,0,0,0,0
402,"I",0,0,0,0,0,0,0,0,0,0,1,0,0,0,0,0,0,0,0,0
403,"P",0,0,0,0,0,0,0,0,0,0,0,0,0,0,0,0,0,0,0,0
404,"V",0,0,0,0,0,0,0,0,0,0,1,0,0,0,0,0,0,0,0,0
405,"R",0,0,0,0,0,0,0,0,0,0,0,0,0,0,0,0,0,0,0,0
406,"S",0,0,0,0,0,0,0,0,0,0,0,0,0,0,0,0,0,0,0,0
407,"N",0,0,0,0,0,0,0,0,1,0,0,0,0,0,0,0,0,0,0,0
408,"E",0,0,1,0,0,0,0,0,0,0,0,0,0,0,0,0,0,0,0,0
409,"G",0,0,0,0,0,0,0,0,0,0,0,0,0,0,0,0,0,0,0,0
410,"S",0,0,0,0,0,0,0,0,0,0,0,0,0,0,0,0,0,0,0,0
411,"G",0,0,0,0,0,0,0,0,0,0,0,0,0,0,0,0,0,0,0,0
412,"T",0,0,0,0,0,0,0,0,0,0,1,0,0,0,0,0,0,0,0,0
413,"Q",0,0,0,0,0,0,1,0,0,0,0,0,0,0,0,0,0,0,0,0
414,"V",0,0,0,0,0,0,0,0,0,0,0,0,0,0,0,0,0,0,0,0
415,"F",0,0,0,0,0,0,0,0,0,0,0,0,0,0,0,0,0,0,0,0
416,"G",0,0,0,0,0,0,0,0,0,0,0,0,0,0,0,0,0,0,0,0
417,"F",0,0,0,0,0,0,0,0,0,0,0,0,0,0,0,0,0,0,0,0
418,"P",0,0,0,0,0,0,0,0,0,0,0,0,0,0,0,0,0,0,0,0
419,"L",0,0,0,0,0,0,0,0,0,0,1,0,0,0,0,0,0,0,0,0
420,"Q",0,0,0,0,0,0,1,0,0,0,0,0,0,0,0,0,0,0,0,0
421,"P",0,0,0,0,0,0,0,0,0,0,0,0,0,0,0,0,0,0,0,0
422,"G",0,0,0,0,0,0,0,0,0,0,0,0,0,0,0,0,0,0,1,0
423,"Y",0,0,0,0,0,0,0,0,0,0,0,0,0,0,0,0,0,0,0,0
424,"S",0,0,0,0,0,0,0,0,0,0,0,0,0,0,0,0,0,0,0,0
425,"S",0,0,0,0,0,0,0,0,0,0,0,0,0,0,0,0,0,0,0,0
426,"V",0,0,0,0,0,0,0,0,0,0,0,0,0,0,0,0,0,0,0,0
427,"F",0,0,0,0,0,0,0,0,0,0,0,0,0,0,0,0,0,0,0,0
428,"S",0,0,0,0,0,0,0,0,0,0,0,0,0,0,0,0,0,0,0,0
429,"R",0,0,0,0,0,0,0,0,0,0,0,0,0,0,0,0,0,0,1,0
430,"T",0,0,0,0,0,0,0,0,0,0,1,0,0,0,0,0,0,0,0,0
431,"L",0,0,0,0,0,0,0,0,0,0,0,0,0,0,0,0,0,0,0,0
432,"L",0,0,0,0,0,0,0,0,0,0,0,0,0,0,0,0,0,0,0,0
433,"G",0,0,0,0,0,0,0,0,0,0,0,0,0,0,0,0,0,0,0,0
434,"E",0,0,1,0,0,0,0,0,0,0,0,0,0,0,0,0,0,0,0,0
435,"I",0,0,0,0,0,0,0,0,0,0,1,0,0,0,0,0,0,0,0,0
436,"L",0,0,0,0,1,0,0,0,0,0,1,0,0,0,0,0,0,0,1,0
437,"N",0,0,0,0,0,0,0,0,1,0,0,0,0,0,0,0,0,0,0,0
438,"Y",0,0,0,0,0,0,0,0,0,0,0,0,0,0,0,0,0,0,0,0
439,"Y",0,0,0,0,0,0,0,0,0,0,0,0,0,0,0,0,0,0,0,0
440,"T",0,0,0,0,0,0,0,0,0,0,0,0,0,0,0,0,0,0,0,0
441,"H",0,0,0,0,0,0,0,0,0,0,0,0,0,1,0,0,0,0,0,0
442,"W",0,1,0,0,0,0,0,0,0,0,0,0,0,0,0,0,0,0,0,0
443,"S",0,0,0,0,0,0,0,0,0,0,0,0,0,0,0,0,0,0,0,0
444,"G",0,0,0,0,0,0,0,0,0,0,0,0,0,0,0,0,0,0,0,0
445,"S",0,0,0,0,0,0,0,0,0,0,0,0,0,0,0,0,0,0,0,0
446,"I",0,0,0,0,0,0,0,0,0,0,1,0,0,0,0,0,0,0,0,0
447,"K",0,0,0,0,0,0,0,0,0,0,1,1,0,0,0,0,0,0,0,0
448,"L",0,0,0,0,0,0,0,0,0,0,0,0,0,0,0,0,0,0,0,0
449,"T",0,0,0,0,0,0,0,0,0,0,1,0,0,0,0,0,0,0,0,0
450,"F",0,0,0,0,0,0,0,0,0,0,0,0,0,0,0,0,0,0,0,0
451,"M",0,0,0,0,0,0,0,1,0,0,0,0,0,0,0,0,0,0,0,0
452,"F",0,0,0,0,0,0,0,0,0,0,0,0,0,0,0,0,0,0,0,0
453,"C",0,0,0,0,0,0,0,0,0,0,0,0,0,0,0,0,0,0,1,0
454,"G",0,0,0,0,0,0,0,0,0,0,0,0,0,0,0,0,0,0,0,0
455,"S",0,0,0,0,0,0,0,0,0,0,0,0,0,0,0,0,0,0,1,0
456,"A",0,0,0,0,0,0,0,0,0,0,0,0,0,0,0,0,0,0,0,0
457,"M",0,0,0,0,0,0,0,1,0,0,0,0,0,0,0,0,0,0,0,0
458,"A",0,0,0,0,0,0,0,0,0,0,0,0,0,0,0,0,0,0,0,0
459,"T",0,0,0,0,0,0,0,0,0,0,0,0,0,0,0,0,0,0,0,0
460,"G",0,0,0,0,0,0,0,0,0,0,0,0,0,0,0,0,0,0,0,0
461,"K",0,0,0,0,0,0,0,0,0,0,0,1,0,0,0,0,0,0,0,0
462,"F",0,0,0,0,0,0,0,0,0,0,0,0,0,0,0,0,0,0,0,0
463,"L",0,0,0,0,0,0,0,0,0,0,0,0,0,0,0,0,0,0,0,0
464,"L",0,0,0,0,1,0,0,0,0,0,1,0,0,0,0,0,0,0,1,0
465,"A",0,0,0,0,0,0,0,0,0,0,0,0,0,0,0,0,0,0,0,0
466,"Y",0,0,0,0,0,0,0,0,0,0,0,0,0,0,0,0,0,0,0,0
467,"S",0,0,0,0,0,0,0,0,0,0,0,0,0,0,0,0,0,0,0,0
468,"P",0,0,0,0,0,0,0,0,0,0,0,0,0,0,0,0,0,0,0,0
469,"P",0,0,0,0,0,0,0,0,0,0,0,0,0,0,0,0,0,0,0,0
470,"G",0,0,0,0,0,0,0,0,0,0,0,0,0,0,0,0,0,0,0,0
471,"A",0,0,0,0,0,0,0,0,0,0,0,0,0,0,0,0,0,0,0,0
472,"G",0,0,0,0,0,0,0,0,0,0,0,0,0,0,0,0,0,0,0,0
473,"A",0,0,0,0,0,0,0,0,0,0,0,0,0,0,0,0,0,0,0,0
474,"P",0,0,0,0,0,0,0,0,0,0,0,0,0,0,0,0,0,0,0,0
475,"T",0,0,0,0,0,0,0,0,0,0,0,0,0,0,0,0,0,0,0,0
476,"K",0,0,0,0,0,0,0,0,0,0,0,1,0,0,0,0,0,0,0,0
477,"R",0,0,0,0,0,0,0,0,0,0,1,0,0,0,0,0,0,0,1,0
478,"V",0,0,0,0,0,0,0,0,0,0,0,0,0,0,0,0,0,0,0,0
479,"D",0,0,0,1,0,0,0,0,0,0,0,0,0,0,0,0,0,0,0,0
480,"A",0,0,0,0,0,0,0,0,0,0,0,0,0,0,0,0,0,0,0,0
481,"M",0,0,0,0,0,0,0,1,0,0,0,0,0,0,0,0,0,0,0,0
482,"L",0,0,0,0,0,0,0,0,0,0,0,0,0,0,0,0,0,0,0,0
483,"G",0,0,0,0,0,0,0,0,0,0,0,0,0,0,0,0,0,0,0,0
484,"T",0,0,0,0,0,0,0,0,0,0,0,0,0,0,0,0,0,0,0,0
485,"H",0,0,0,0,0,0,0,0,0,0,0,0,0,1,0,0,0,0,0,0
486,"V",0,0,0,0,0,0,0,0,0,0,0,0,0,0,0,0,0,0,0,0
487,"I",0,0,0,0,0,0,0,0,0,0,1,0,0,0,0,0,0,0,0,0
488,"W",0,1,0,0,0,0,0,0,0,0,0,0,0,0,0,0,0,0,0,0
489,"D",0,0,0,1,0,0,0,0,0,0,0,0,0,0,0,0,0,0,0,0
490,"V",0,0,0,0,0,0,0,0,0,0,1,0,0,0,0,0,0,0,0,0
491,"G",0,0,0,0,0,0,0,0,0,0,0,0,0,0,0,0,0,0,1,0
492,"L",0,0,0,0,0,0,0,0,0,0,0,0,0,0,0,0,0,0,0,0
493,"Q",0,0,0,0,0,0,1,0,0,0,0,0,0,0,0,0,0,0,0,0
494,"S",0,0,0,0,0,0,0,0,0,0,0,0,0,0,0,0,0,0,0,0
495,"S",0,0,0,0,0,0,0,0,0,0,0,0,0,0,0,0,0,0,0,0
496,"C",0,0,0,0,0,0,0,0,0,0,0,0,0,0,0,0,0,0,1,0
497,"V",0,0,0,0,0,0,0,0,0,0,1,0,0,0,0,0,0,0,0,0
498,"L",0,0,0,0,0,0,0,0,0,0,1,0,0,0,0,0,0,0,0,0
499,"C",0,0,0,0,0,0,0,0,0,0,0,0,0,0,0,0,0,0,1,0
500,"I",0,0,0,0,0,0,0,0,0,0,1,0,0,0,0,0,0,0,0,0
501,"P",0,0,0,0,0,0,0,0,0,0,0,0,0,0,0,0,0,0,0,0
502,"W",0,1,0,0,0,0,0,0,0,0,0,0,0,0,0,0,0,0,0,0
503,"I",0,0,0,0,0,0,0,0,0,0,1,0,0,0,0,0,0,0,0,0
504,"S",0,0,0,0,0,0,0,0,0,0,0,0,0,0,0,0,0,0,0,0
505,"Q",0,0,0,0,0,0,1,0,0,0,0,0,0,0,0,0,0,0,0,0
506,"T",0,0,0,0,0,0,0,0,0,0,0,0,0,0,0,0,0,0,0,0
507,"H",0,0,0,0,0,0,0,0,0,0,0,0,0,1,0,0,0,0,0,0
508,"Y",0,0,0,0,0,0,0,0,0,0,0,0,0,0,0,0,0,0,0,0
509,"R",0,0,0,0,0,0,0,0,0,0,0,0,0,0,0,0,0,0,1,0
510,"F",0,0,0,0,0,0,0,0,0,0,0,0,0,0,0,0,0,0,0,0
511,"V",0,0,0,0,0,0,0,0,0,0,0,0,0,0,0,0,0,0,0,0
512,"A",0,0,0,0,0,0,0,0,0,0,0,0,0,0,0,0,0,0,0,0
513,"S",0,0,0,0,0,0,0,0,0,0,0,0,0,0,0,0,0,0,0,0
514,"D",0,0,0,1,0,0,0,0,0,0,0,0,0,0,0,0,0,0,0,0
515,"E",0,0,1,0,0,0,0,0,0,0,0,0,0,0,0,0,0,0,0,0
516,"Y",0,0,0,0,0,0,0,0,0,0,0,0,0,0,0,0,0,0,0,0
517,"T",0,0,0,0,0,0,0,0,0,0,0,0,0,0,0,0,0,0,0,0
518,"A",0,0,0,0,0,0,0,0,0,0,0,0,0,0,0,0,0,0,0,0
519,"G",0,0,0,0,0,0,0,0,0,0,0,0,0,0,0,0,0,0,1,0
520,"G",0,0,0,0,0,0,0,0,0,0,0,0,0,0,0,0,0,0,0,0
521,"F",0,0,0,0,0,0,0,0,0,0,0,0,0,0,0,0,0,0,0,0
522,"I",0,0,0,0,0,0,0,0,0,0,1,0,0,0,0,0,0,0,0,0
523,"T",0,0,0,0,0,0,0,0,0,0,1,0,0,0,0,0,0,0,0,0
524,"C",0,0,0,0,0,0,0,0,0,0,0,0,0,0,0,0,0,0,1,0
525,"W",0,1,0,0,0,0,0,0,0,0,0,0,0,0,0,0,0,0,0,0
526,"Y",0,0,0,0,0,0,0,0,0,0,0,0,0,0,0,0,0,0,0,0
527,"Q",0,0,0,0,0,0,1,0,0,0,0,0,0,0,0,0,0,0,0,0
528,"T",0,0,0,0,0,0,0,0,0,0,0,0,0,0,0,0,0,0,0,0
529,"N",0,0,0,0,0,0,0,0,1,0,0,0,0,0,0,0,0,0,0,0
530,"I",0,0,0,0,0,0,0,0,0,0,1,0,0,0,0,0,0,0,0,0
531,"V",0,0,0,0,0,0,0,0,0,0,1,0,0,0,0,0,0,0,0,0
532,"V",0,0,0,0,0,0,0,0,0,0,0,0,0,0,0,0,0,0,0,0
533,"P",0,0,0,0,0,0,0,0,0,0,0,0,0,0,0,0,0,0,0,0
534,"A",0,0,0,0,0,0,0,0,0,0,0,0,0,0,0,0,0,0,0,0
535,"D",0,0,0,1,0,0,0,0,0,0,0,0,0,0,0,0,0,0,0,0
536,"A",0,0,0,0,0,0,0,0,0,0,0,0,0,0,0,0,0,0,0,0
537,"Q",0,0,0,0,0,0,1,0,0,0,0,0,0,0,0,0,0,0,0,0
538,"S",0,0,0,0,0,0,0,0,0,0,0,0,0,0,0,0,0,0,0,0
539,"S",0,0,0,0,0,0,0,0,0,0,0,0,0,0,0,0,0,0,0,0
540,"C",0,0,0,0,0,0,0,0,0,0,0,0,0,0,0,0,0,0,1,0
541,"Y",0,0,0,0,0,0,0,0,0,0,0,0,0,0,0,0,0,0,0,0
542,"I",0,0,0,0,0,0,0,0,0,0,1,0,0,0,0,0,0,0,0,0
543,"M",0,0,0,0,0,0,0,1,0,0,0,0,0,0,0,0,0,0,0,0
544,"C",0,0,0,0,0,0,0,0,0,0,0,0,0,0,0,0,0,0,1,0
545,"F",0,0,0,0,0,0,0,0,0,0,0,0,0,0,0,0,0,0,0,0
546,"V",0,0,0,0,0,0,0,0,0,0,1,0,0,0,0,0,0,0,0,0
547,"S",0,0,0,0,0,0,0,0,0,0,0,0,0,0,0,0,0,0,0,0
548,"A",0,0,0,0,0,0,0,0,0,0,0,0,0,0,0,0,0,0,0,0
549,"C",0,0,0,0,0,0,0,0,0,0,0,0,0,0,0,0,0,0,1,0
550,"N",0,0,0,0,0,0,0,0,1,0,0,0,0,0,0,0,0,0,0,0
551,"D",0,0,0,1,0,0,0,0,0,0,0,0,0,0,0,0,0,0,0,0
552,"F",0,0,0,0,0,0,0,0,0,0,0,0,0,0,0,0,0,0,0,0
553,"S",0,0,0,0,0,0,0,0,0,0,0,0,0,0,0,0,0,0,0,0
554,"V",0,0,0,0,0,0,0,0,0,0,0,0,0,0,0,0,0,0,0,0
555,"R",0,0,0,0,0,0,0,0,0,0,1,0,0,0,0,0,0,0,1,0
556,"L",0,0,0,0,0,0,0,0,0,0,0,0,0,0,0,0,0,0,0,0
557,"L",0,0,0,0,1,0,0,0,0,0,1,0,0,0,0,0,0,0,1,0
558,"K",0,0,0,0,0,0,0,0,0,0,1,1,0,0,0,0,0,0,0,0
559,"D",0,0,0,1,0,0,0,0,0,0,0,0,0,0,0,0,0,0,0,0
560,"T",0,0,0,0,0,0,0,0,0,0,0,0,0,0,0,0,0,0,0,0
561,"P",0,0,0,0,0,0,0,0,0,0,0,0,0,0,0,0,0,0,0,0
562,"F",0,0,0,0,0,0,0,0,0,0,0,0,0,0,0,0,0,0,0,0
563,"I",0,0,0,0,0,0,0,0,0,0,1,0,0,0,0,0,0,0,0,0
564,"S",0,0,0,0,0,0,0,0,0,0,0,0,0,0,0,0,0,0,1,0
565,"Q",0,0,0,0,0,0,1,0,0,0,0,0,0,0,0,0,0,0,0,0
566,"Q",0,0,0,0,0,0,1,0,0,0,0,0,0,0,0,0,0,0,0,0
567,"N",0,0,0,0,0,0,0,0,1,0,0,0,0,0,0,0,0,0,0,0
568,"F",0,0,0,0,0,0,0,0,0,0,0,0,0,0,0,0,0,0,0,0
569,"F",0,0,0,0,0,0,0,0,0,0,0,0,0,0,0,0,0,0,0,0
570,"Q",0,0,0,0,0,0,1,0,0,0,0,0,0,0,0,0,0,0,0,0
571,"G",0,0,0,0,0,0,0,0,0,0,0,0,0,0,0,0,0,0,0,0
572,"P",0,0,0,0,0,0,0,0,0,0,0,0,0,0,0,0,0,0,0,0
573,"V",0,0,0,0,0,0,0,0,0,0,1,0,0,0,0,0,0,0,0,0
574,"E",0,0,1,0,0,0,0,0,0,0,0,0,0,0,0,0,0,0,0,0
575,"D",0,0,0,1,0,0,0,0,0,0,0,0,0,0,0,0,0,0,0,0
576,"A",0,0,0,0,0,0,0,0,0,0,0,0,0,0,0,0,0,0,0,0
577,"I",0,0,0,0,0,0,0,0,0,0,1,0,0,0,0,0,0,0,0,0
578,"T",0,0,0,0,0,0,0,0,0,0,0,0,0,0,0,0,0,0,0,0
579,"A",0,0,0,0,0,0,0,0,0,0,0,0,0,0,0,0,0,0,0,0
580,"A",0,0,0,0,0,0,0,0,0,0,0,0,0,0,0,0,0,0,0,0
581,"I",0,0,0,0,0,0,0,0,0,0,1,0,0,0,0,0,0,0,0,0
582,"G",0,0,0,0,0,0,0,0,0,0,0,0,0,0,0,0,0,0,1,0
583,"R",0,0,0,0,0,0,0,0,0,0,0,0,0,0,0,0,0,0,0,0
584,"V",0,0,0,0,0,0,0,0,0,0,0,0,0,0,0,0,0,0,0,0
585,"A",0,0,0,0,0,0,0,0,0,0,0,0,0,0,0,0,0,0,0,0
586,"D",0,0,0,1,0,0,0,0,0,0,0,0,0,0,0,0,0,0,0,0
587,"T",0,0,0,0,0,0,0,0,0,0,0,0,0,0,0,0,0,0,0,0
588,"V",0,0,0,0,0,0,0,0,0,0,1,0,0,0,0,0,0,0,0,0
589,"G",0,0,0,0,0,0,0,0,0,0,0,0,0,0,0,0,0,0,0,0
590,"T",0,0,0,0,0,0,0,0,0,0,0,0,0,0,0,0,0,0,0,0
591,"G",0,0,0,0,0,0,0,0,0,0,0,0,0,0,0,0,0,0,1,0
592,"P",0,0,0,0,0,0,0,0,0,0,0,0,0,0,0,0,0,0,0,0
593,"T",0,0,0,0,0,0,0,0,0,0,0,0,0,0,0,0,0,0,0,0
594,"N",0,0,0,0,0,0,0,0,1,0,0,0,0,0,0,0,0,0,0,0
595,"S",0,0,0,0,0,0,0,0,0,0,0,0,0,0,0,0,0,0,0,0
596,"E",0,0,1,0,0,0,0,0,0,0,0,0,0,0,0,0,0,0,0,0
597,"A",0,0,0,0,0,0,0,0,0,0,0,0,0,0,0,0,0,0,0,0
598,"I",0,0,0,0,0,0,0,0,0,0,1,0,0,0,0,0,0,0,0,0
599,"P",0,0,0,0,0,0,0,0,0,0,0,0,0,0,0,0,0,0,0,0
600,"A",0,0,0,0,0,0,0,0,0,0,0,0,0,0,0,0,0,0,0,0
601,"L",0,0,0,0,0,0,0,0,0,0,0,0,0,0,0,0,0,0,0,0
602,"T",0,0,0,0,0,0,0,0,0,0,0,0,0,0,0,0,0,0,0,0
603,"A",0,0,0,0,0,0,0,0,0,0,0,0,0,0,0,0,0,0,0,0
604,"A",0,0,0,0,0,0,0,0,0,0,0,0,0,0,0,0,0,0,0,0
605,"E",0,0,1,0,0,0,0,0,0,0,0,0,0,0,0,0,0,0,0,0
606,"T",0,0,0,0,0,0,0,0,0,0,1,0,0,0,0,0,0,0,0,0
607,"G",0,0,0,0,0,0,0,0,0,0,0,0,0,0,0,0,0,0,0,0
608,"H",0,0,0,0,0,0,0,0,0,0,0,0,0,1,0,0,0,0,0,0
609,"T",0,0,0,0,0,0,0,0,0,0,1,0,0,0,0,0,0,0,0,0
610,"S",0,0,0,0,0,0,0,0,0,0,0,0,0,0,0,0,0,0,0,0
611,"Q",0,0,0,0,0,0,1,0,0,0,0,0,0,0,0,0,0,0,0,0
612,"V",0,0,0,0,0,0,0,0,0,0,0,0,0,0,0,0,0,0,0,0
613,"V",0,0,0,0,0,0,0,0,0,0,1,0,0,0,0,0,0,0,0,0
614,"P",0,0,0,0,0,0,0,0,0,0,0,0,0,0,0,0,0,0,0,0
615,"G",0,0,0,0,0,0,0,0,0,0,0,0,0,0,0,0,0,0,0,0
616,"D",0,0,0,1,0,0,0,0,0,0,0,0,0,0,0,0,0,0,0,0
617,"T",0,0,0,0,0,0,0,0,0,0,0,0,0,0,0,0,0,0,0,0
618,"M",0,0,0,0,0,0,0,1,0,0,0,0,0,0,0,0,0,0,0,0
619,"Q",0,0,0,0,0,0,1,0,0,0,0,0,0,0,0,0,0,0,0,0
620,"T",0,0,0,0,0,0,0,0,0,0,0,0,0,0,0,0,0,0,0,0
621,"R",0,0,0,0,0,0,0,0,0,0,0,0,0,0,0,0,0,0,0,0
622,"H",0,0,0,0,0,0,0,0,0,0,0,0,0,1,0,0,0,0,0,0
623,"V",0,0,0,0,0,0,0,0,0,0,0,0,0,0,0,0,0,0,0,0
624,"K",0,0,0,0,0,0,0,0,0,0,1,1,0,0,0,0,0,0,0,0
625,"N",0,0,0,0,0,0,0,0,1,0,0,0,0,0,0,0,0,0,0,0
626,"Y",0,0,0,0,0,0,0,0,0,0,0,0,0,0,0,0,0,0,0,0
627,"H",0,0,0,0,0,0,0,0,0,0,0,0,0,1,0,0,0,0,0,0
628,"S",0,0,0,0,0,0,0,0,0,0,0,0,0,0,0,0,0,0,0,0
629,"R",0,0,0,0,0,0,0,0,0,0,1,0,0,0,0,0,0,0,1,0
630,"S",0,0,0,0,0,0,0,0,0,0,0,0,0,0,0,0,0,0,0,0
631,"E",0,0,1,0,0,0,0,0,0,0,0,0,0,0,0,0,0,0,0,0
632,"S",0,0,0,0,0,0,0,0,0,0,0,0,0,0,0,0,0,0,0,0
633,"T",0,0,0,0,0,0,0,0,0,0,0,0,0,0,0,0,0,0,0,0
634,"I",0,0,0,0,0,0,0,0,0,0,1,0,0,0,0,0,0,0,0,0
635,"E",0,0,1,0,0,0,0,0,0,0,0,0,0,0,0,0,0,0,0,0
636,"N",0,0,0,0,0,0,0,0,1,0,0,0,0,0,0,0,0,0,0,0
637,"F",0,0,0,0,0,0,0,0,0,0,0,0,0,0,0,0,0,0,0,0
638,"L",0,0,0,0,0,0,0,0,0,0,0,0,0,0,0,0,0,0,0,0
639,"C",0,0,0,0,0,0,0,0,0,0,0,0,0,0,0,0,0,0,1,0
640,"R",0,0,0,0,0,0,0,0,0,0,1,0,0,0,0,0,0,0,1,0
641,"S",0,0,0,0,0,0,0,0,0,0,0,0,0,0,0,0,0,0,0,0
642,"A",0,0,0,0,0,0,0,0,0,0,0,0,0,0,0,0,0,0,0,0
643,"C",0,0,0,0,0,0,0,0,0,0,0,0,0,0,0,0,0,0,1,0
644,"V",0,0,0,0,0,0,0,0,0,0,1,0,0,0,0,0,0,0,0,0
645,"Y",0,0,0,0,0,0,0,0,0,0,0,0,0,0,0,0,0,0,0,0
646,"F",0,0,0,0,0,0,0,0,0,0,0,0,0,0,0,0,0,0,0,0
647,"T",0,0,0,0,0,0,0,0,0,0,1,0,0,0,0,0,0,0,0,0
648,"E",0,0,1,0,0,0,0,0,0,0,0,0,0,0,0,0,0,0,0,0
649,"Y",0,0,0,0,0,0,0,0,0,0,0,0,0,0,0,0,0,0,0,0
650,"K",0,0,0,0,0,0,0,0,0,0,0,1,0,0,0,0,0,0,0,0
651,"N",0,0,0,0,0,0,0,0,1,0,0,0,0,0,0,0,0,0,0,0
652,"S",0,0,0,0,0,0,0,0,0,0,0,0,0,0,0,0,0,0,0,0
653,"G",0,0,0,0,0,0,0,0,0,0,0,0,0,0,0,0,0,0,0,0
654,"A",0,0,0,0,0,0,0,0,0,0,0,0,0,0,0,0,0,0,0,0
655,"K",0,0,0,0,0,0,0,0,0,0,1,1,0,0,0,0,0,0,0,0
656,"R",0,0,0,0,0,0,0,0,0,0,0,0,0,0,0,0,0,0,1,0
657,"Y",0,0,0,0,0,0,0,0,0,0,0,0,0,0,0,0,0,0,0,0
658,"A",0,0,0,0,0,0,0,0,0,0,0,0,0,0,0,0,0,0,0,0
659,"E",0,0,1,0,0,0,0,0,0,0,0,0,0,0,0,0,0,0,0,0
660,"W",0,1,0,0,0,0,0,0,0,0,0,0,0,0,0,0,0,0,0,0
661,"V",0,0,0,0,0,0,0,0,0,0,0,0,0,0,0,0,0,0,0,0
662,"L",0,0,0,0,1,0,0,0,0,0,0,0,0,0,0,0,0,0,0,0
663,"T",0,0,0,0,0,0,0,0,0,0,0,0,0,0,0,0,0,0,0,0
664,"P",0,0,0,0,0,0,0,0,0,0,0,0,0,0,0,0,0,0,0,0
665,"R",0,0,0,0,0,0,0,0,0,0,0,0,0,0,0,0,0,0,0,0
666,"Q",0,0,0,0,0,0,1,0,0,0,0,0,0,0,0,0,0,0,0,0
667,"A",0,0,0,0,0,0,0,0,0,0,0,0,0,0,0,0,0,0,0,0
668,"A",0,0,0,0,0,0,0,0,0,0,0,0,0,0,0,0,0,0,0,0
669,"Q",0,0,0,0,0,0,1,0,0,0,0,0,0,0,0,0,0,0,0,0
670,"L",0,0,0,0,0,0,0,0,0,0,0,0,0,0,0,0,0,0,0,0
671,"R",0,0,0,0,0,0,0,0,0,0,1,0,0,0,0,0,0,0,1,0
672,"R",0,0,0,0,0,0,0,0,0,0,0,0,0,0,0,0,0,0,0,0
673,"K",0,0,0,0,0,0,0,0,0,0,1,1,0,0,0,0,0,0,0,0
674,"L",0,0,0,0,0,0,0,0,0,0,0,0,0,0,0,0,0,0,0,0
675,"E",0,0,1,0,0,0,0,0,0,0,0,0,0,0,0,0,0,0,0,0
676,"F",0,0,0,0,0,0,0,0,0,0,0,0,0,0,0,0,0,0,0,0
677,"F",0,0,0,0,0,0,0,0,0,0,0,0,0,0,0,0,0,0,0,0
678,"T",0,0,0,0,0,0,0,0,0,0,0,0,0,0,0,0,0,0,0,0
679,"Y",0,0,0,0,0,0,0,0,0,0,0,0,0,0,0,0,0,0,0,0
680,"V",0,0,0,0,0,0,0,0,0,0,0,0,0,0,0,0,0,0,0,0
681,"R",0,0,0,0,0,0,0,0,0,0,0,0,0,0,0,0,0,0,1,0
682,"F",0,0,0,0,0,0,0,0,0,0,0,0,0,0,0,0,0,0,0,0
683,"D",0,0,0,1,0,0,0,0,0,0,0,0,0,0,0,0,0,0,0,0
684,"L",0,0,0,0,0,0,0,0,0,0,1,0,0,0,0,0,0,0,0,0
685,"E",0,0,1,0,0,0,0,0,0,0,0,0,0,0,0,0,0,0,0,0
686,"L",0,0,0,0,0,0,0,0,0,0,1,0,0,0,0,0,0,0,0,0
687,"T",0,0,0,0,0,0,0,0,0,0,1,0,0,0,0,0,0,0,0,0
688,"F",0,0,0,0,0,0,0,0,0,0,0,0,0,0,0,0,0,0,0,0
689,"V",0,0,0,0,0,0,0,0,0,0,0,0,0,0,0,0,0,0,0,0
690,"I",0,0,0,0,0,0,0,0,0,0,1,0,0,0,0,0,0,0,0,0
691,"T",0,0,0,0,0,0,0,0,0,0,0,0,0,0,0,0,0,0,0,0
692,"S",0,0,0,0,0,0,0,0,0,0,0,0,0,0,0,0,0,0,0,0
693,"T",0,0,0,0,0,0,0,0,0,0,0,0,0,0,0,0,0,0,0,0
694,"Q",0,0,0,0,0,0,1,0,0,0,0,0,0,0,0,0,0,0,0,0
695,"Q",0,0,0,0,0,0,1,0,0,0,0,0,0,0,0,0,0,0,0,0
696,"P",0,0,0,0,0,0,0,0,0,0,0,0,0,0,0,0,0,0,0,0
697,"S",0,0,0,0,0,0,0,0,0,0,0,0,0,0,0,0,0,0,0,0
698,"T",0,0,0,0,0,0,0,0,0,0,0,0,0,0,0,0,0,0,0,0
699,"T",0,0,0,0,0,0,0,0,0,0,0,0,0,0,0,0,0,0,0,0
700,"Q",0,0,0,0,0,0,1,0,0,0,0,0,0,0,0,0,0,0,0,0
701,"N",0,0,0,0,0,0,0,0,1,0,0,0,0,0,0,0,0,0,0,0
702,"Q",0,0,0,0,0,0,1,0,0,0,0,0,0,0,0,0,0,0,0,0
703,"D",0,0,0,1,0,0,0,0,0,0,0,0,0,0,0,0,0,0,0,0
704,"A",0,0,0,0,0,0,0,0,0,0,0,0,0,0,0,0,0,0,0,0
705,"Q",0,0,0,0,0,0,1,0,0,0,0,0,0,0,0,0,0,0,0,0
706,"I",0,0,0,0,0,0,0,0,0,0,1,0,0,0,0,0,0,0,0,0
707,"L",0,0,0,0,0,0,0,0,0,0,0,0,0,0,0,0,0,0,0,0
708,"T",0,0,0,0,0,0,0,0,0,0,0,0,0,0,0,0,0,0,0,0
709,"H",0,0,0,0,0,0,0,0,0,0,0,0,0,1,0,0,0,0,0,0
710,"Q",0,0,0,0,0,0,1,0,0,0,0,0,0,0,0,0,0,0,0,0
711,"I",0,0,0,0,0,0,0,0,0,0,1,0,0,0,0,0,0,0,0,0
712,"M",0,0,0,0,0,0,0,1,0,0,0,0,0,0,0,0,0,0,0,0
713,"Y",0,0,0,0,0,0,0,0,0,0,0,0,0,0,0,0,0,0,0,0
714,"V",0,0,0,0,0,0,0,0,0,0,0,0,0,0,0,0,0,0,0,0
715,"P",0,0,0,0,0,0,0,0,0,0,0,0,0,0,0,0,0,0,0,0
716,"P",0,0,0,0,0,0,0,0,0,0,0,0,0,0,0,0,0,0,0,0
717,"G",0,0,0,0,0,0,0,0,0,0,0,0,0,0,0,0,0,0,0,0
718,"G",0,0,0,0,0,0,0,0,0,0,0,0,0,0,0,0,0,0,0,0
719,"P",0,0,0,0,0,0,0,0,0,0,0,0,0,0,0,0,0,0,0,0
720,"V",0,0,0,0,0,0,0,0,0,0,0,0,0,0,0,0,0,0,0,0
721,"P",0,0,0,0,0,0,0,0,0,0,0,0,0,0,0,0,0,0,0,0
722,"D",0,0,0,1,0,0,0,0,0,0,0,0,0,0,0,0,0,0,0,0
723,"K",0,0,0,0,0,0,0,0,0,0,0,1,0,0,0,0,0,0,0,0
724,"V",0,0,0,0,0,0,0,0,0,0,0,0,0,0,0,0,0,0,0,0
725,"D",0,0,0,1,0,0,0,0,0,0,0,0,0,0,0,0,0,0,0,0
726,"S",0,0,0,0,0,0,0,0,0,0,0,0,0,0,0,0,0,0,0,0
727,"Y",0,0,0,0,0,0,0,0,0,0,0,0,0,0,0,0,0,0,0,0
728,"V",0,0,0,0,0,0,0,0,0,0,1,0,0,0,0,0,0,0,0,0
729,"W",0,1,0,0,0,0,0,0,0,0,0,0,0,0,0,0,0,0,0,0
730,"Q",0,0,0,0,0,0,1,0,0,0,0,0,0,0,0,0,0,0,0,0
731,"T",0,0,0,0,0,0,0,0,0,0,0,0,0,0,0,0,0,0,0,0
732,"S",0,0,0,0,0,0,0,0,0,0,0,0,0,0,0,0,0,0,0,0
733,"T",0,0,0,0,0,0,0,0,0,0,1,0,0,0,0,0,0,0,0,0
734,"N",0,0,0,0,0,0,0,0,1,0,0,0,0,0,0,0,0,0,0,0
735,"P",0,0,0,0,0,0,0,0,0,0,0,0,0,0,0,0,0,0,0,0
736,"S",0,0,0,0,0,0,0,0,0,0,0,0,0,0,0,0,0,0,0,0
737,"V",0,0,0,0,0,0,0,0,0,0,1,0,0,0,0,0,0,0,0,0
738,"F",0,0,0,0,0,0,0,0,0,0,0,0,0,0,0,0,0,0,0,0
739,"W",0,1,0,0,0,0,0,0,0,0,0,0,0,0,0,0,0,0,0,0
740,"T",0,0,0,0,0,0,0,0,0,0,0,0,0,0,0,0,0,0,0,0
741,"E",0,0,1,0,0,0,0,0,0,0,0,0,0,0,0,0,0,0,0,0
742,"G",0,0,0,0,0,0,0,0,0,0,0,0,0,0,0,0,0,0,0,0
743,"N",0,0,0,0,0,0,0,0,1,0,0,0,0,0,0,0,0,0,0,0
744,"A",0,0,0,0,0,0,0,0,0,0,0,0,0,0,0,0,0,0,0,0
745,"P",0,0,0,0,0,0,0,0,0,0,0,0,0,0,0,0,0,0,0,0
746,"P",0,0,0,0,0,0,0,0,0,0,0,0,0,0,0,0,0,0,0,0
747,"R",0,0,0,0,0,0,0,0,0,0,0,0,0,0,0,0,0,0,0,0
748,"M",0,0,0,0,0,0,0,1,0,0,0,0,0,0,0,0,0,0,0,0
749,"S",0,0,0,0,0,0,0,0,0,0,0,0,0,0,0,0,0,0,0,0
750,"I",0,0,0,0,0,0,0,0,0,0,1,0,0,0,0,0,0,0,0,0
751,"P",0,0,0,0,0,0,0,0,0,0,0,0,0,0,0,0,0,0,0,0
752,"F",0,0,0,0,0,0,0,0,0,0,0,0,0,0,0,0,0,0,0,0
753,"L",0,0,0,0,1,0,0,0,0,0,1,0,0,0,0,0,0,0,1,0
754,"S",0,0,0,0,0,0,0,0,0,0,0,0,0,0,0,0,0,0,0,0
755,"I",0,0,0,0,0,0,0,0,0,0,1,0,0,0,0,0,0,0,0,0
756,"G",0,0,0,0,0,0,0,0,0,0,0,0,0,0,0,0,0,0,0,0
757,"N",0,0,0,0,0,0,0,0,1,0,0,0,0,0,0,0,0,0,0,0
758,"A",0,0,0,0,0,0,0,0,0,0,0,0,0,0,0,0,0,0,0,0
759,"Y",0,0,0,0,0,0,0,0,0,0,0,0,0,0,0,0,0,0,0,0
760,"S",0,0,0,0,0,0,0,0,0,0,0,0,0,0,0,0,0,0,0,0
761,"N",0,0,0,0,0,0,0,0,1,0,0,0,0,0,0,0,0,0,0,0
762,"F",0,0,0,0,0,0,0,0,0,0,0,0,0,0,0,0,0,0,0,0
763,"Y",0,0,0,0,0,0,0,0,0,0,0,0,0,0,0,0,0,0,0,0
764,"D",0,0,0,1,0,0,0,0,0,0,0,0,0,0,0,0,0,0,0,0
765,"G",0,0,0,0,0,0,0,0,0,0,0,0,0,0,0,0,0,0,0,0
766,"W",0,1,0,0,0,0,0,0,0,0,0,0,0,0,0,0,0,0,0,0
767,"S",0,0,0,0,0,0,0,0,0,0,0,0,0,0,0,0,0,0,0,0
768,"E",0,0,1,0,0,0,0,0,0,0,0,0,0,0,0,0,0,0,0,0
769,"F",0,0,0,0,0,0,0,0,0,0,0,0,0,0,0,0,0,0,0,0
770,"S",0,0,0,0,0,0,0,0,0,0,0,0,0,0,0,0,0,0,0,0
771,"R",0,0,0,0,0,0,0,0,0,0,1,0,0,0,0,0,0,0,1,0
772,"N",0,0,0,0,0,0,0,0,1,0,0,0,0,0,0,0,0,0,0,0
773,"G",0,0,0,0,0,0,0,0,0,0,0,0,0,0,0,0,0,0,0,0
774,"V",0,0,0,0,0,0,0,0,0,0,0,0,0,0,0,0,0,0,0,0
775,"Y",0,0,0,0,0,0,0,0,0,0,0,0,0,0,0,0,0,0,0,0
776,"G",0,0,0,0,0,0,0,0,0,0,0,0,0,0,0,0,0,0,0,0
777,"I",0,0,0,0,0,0,0,0,0,0,1,0,0,0,0,0,0,0,0,0
778,"N",0,0,0,0,0,0,0,0,1,0,0,0,0,0,0,0,0,0,0,0
779,"T",0,0,0,0,0,0,0,0,0,0,1,0,0,0,0,0,0,0,0,0
780,"L",0,0,0,0,0,0,0,0,0,0,0,0,0,0,0,0,0,0,0,0
781,"N",0,0,0,0,0,0,0,0,1,0,0,0,0,0,0,0,0,0,0,0
782,"N",0,0,0,0,0,0,0,0,1,0,0,0,0,0,0,0,0,0,0,0
783,"M",0,0,0,0,0,0,0,1,0,0,0,0,0,0,0,0,0,0,0,0
784,"G",0,0,0,0,0,0,0,0,0,0,0,0,0,0,0,0,0,0,0,0
785,"T",0,0,0,0,0,0,0,0,0,0,1,0,0,0,0,0,0,0,0,0
786,"L",0,0,0,0,0,0,0,0,0,0,0,0,0,0,0,0,0,0,0,0
787,"Y",0,0,0,0,0,0,0,0,0,0,0,0,0,0,0,0,0,0,0,0
788,"A",0,0,0,0,0,0,0,0,0,0,0,0,0,0,0,0,0,0,0,0
789,"R",0,0,0,0,0,0,0,0,0,0,0,0,0,0,0,0,0,0,0,0
790,"H",0,0,0,0,0,0,0,0,0,0,0,0,0,1,0,0,0,0,0,0
791,"V",0,0,0,0,0,0,0,0,0,0,0,0,0,0,0,0,0,0,0,0
792,"N",0,0,0,0,0,0,0,0,1,0,0,0,0,0,0,0,0,0,0,0
793,"A",0,0,0,0,0,0,0,0,0,0,0,0,0,0,0,0,0,0,0,0
794,"G",0,0,0,0,0,0,0,0,0,0,0,0,0,0,0,0,0,0,0,0
795,"S",0,0,0,0,0,0,0,0,0,0,0,0,0,0,0,0,0,0,0,0
796,"T",0,0,0,0,0,0,0,0,0,0,1,0,0,0,0,0,0,0,0,0
797,"G",0,0,0,0,0,0,0,0,0,0,0,0,0,0,0,0,0,0,0,0
798,"P",0,0,0,0,0,0,0,0,0,0,0,0,0,0,0,0,0,0,0,0
799,"I",0,0,0,0,0,0,0,0,0,0,1,0,0,0,0,0,0,0,0,0
800,"K",0,0,0,0,0,0,0,0,0,0,0,1,0,0,0,0,0,0,0,0
801,"S",0,0,0,0,0,0,0,0,0,0,0,0,0,0,0,0,0,0,0,0
802,"T",0,0,0,0,0,0,0,0,0,0,0,0,0,0,0,0,0,0,0,0
803,"I",0,0,0,0,0,0,0,0,0,0,1,0,0,0,0,0,0,0,0,0
804,"R",0,0,0,0,0,0,0,0,0,0,0,0,0,0,0,0,0,0,0,0
805,"I",0,0,0,0,0,0,0,0,0,0,1,0,0,0,0,0,0,0,0,0
806,"Y",0,0,0,0,0,0,0,0,0,0,0,0,0,0,0,0,0,0,0,0
807,"F",0,0,0,0,0,0,0,0,0,0,0,0,0,0,0,0,0,0,0,0
808,"K",0,0,0,0,0,0,0,0,0,0,0,1,0,0,0,0,0,0,0,0
809,"P",0,0,0,0,0,0,0,0,0,0,0,0,0,0,0,0,0,0,0,0
810,"K",0,0,0,0,0,0,0,0,0,0,1,1,0,0,0,0,0,0,0,0
811,"H",0,0,0,0,0,0,0,0,0,0,0,0,0,1,0,0,0,0,0,0
812,"V",0,0,0,0,0,0,0,0,0,0,0,0,0,0,0,0,0,0,0,0
813,"K",0,0,0,0,0,0,0,0,0,0,0,1,0,0,0,0,0,0,0,0
814,"A",0,0,0,0,0,0,0,0,0,0,0,0,0,0,0,0,0,0,0,0
815,"W",0,1,0,0,0,0,0,0,0,0,0,0,0,0,0,0,0,0,0,0
816,"I",0,0,0,0,0,0,0,0,0,0,1,0,0,0,0,0,0,0,0,0
817,"P",0,0,0,0,0,0,0,0,0,0,0,0,0,0,0,0,0,0,0,0
818,"R",0,0,0,0,0,0,0,0,0,0,0,0,0,0,0,0,0,0,0,0
819,"P",0,0,0,0,0,0,0,0,0,0,0,0,0,0,0,0,0,0,0,0
820,"P",0,0,0,0,0,0,0,0,0,0,0,0,0,0,0,0,0,0,0,0
821,"R",0,0,0,0,0,0,0,0,0,0,0,0,0,0,0,0,0,0,0,0
822,"L",0,0,0,0,0,0,0,0,0,0,0,0,0,0,0,0,0,0,0,0
823,"C",0,0,0,0,0,0,0,0,0,0,0,0,0,0,0,0,0,0,1,0
824,"Q",0,0,0,0,0,0,1,0,0,0,0,0,0,0,0,0,0,0,0,0
825,"Y",0,0,0,0,0,0,0,0,0,0,0,0,0,0,0,0,0,0,0,0
826,"E",0,0,1,0,0,0,0,0,0,0,0,0,0,0,0,0,0,0,0,0
827,"K",0,0,0,0,0,0,0,0,0,0,1,1,0,0,0,0,0,0,0,0
828,"A",0,0,0,0,0,0,0,0,0,0,0,0,0,0,0,0,0,0,0,0
829,"K",0,0,0,0,0,0,0,0,0,0,1,1,0,0,0,0,0,0,0,0
830,"N",0,0,0,0,0,0,0,0,1,0,0,0,0,0,0,0,0,0,0,0
831,"V",0,0,0,0,0,0,0,0,0,0,1,0,0,0,0,0,0,0,0,0
832,"N",0,0,0,0,0,0,0,0,1,0,0,0,0,0,0,0,0,0,0,0
833,"F",0,0,0,0,0,0,0,0,0,0,0,0,0,0,0,0,0,0,0,0
834,"Q",0,0,0,0,0,0,1,0,0,0,0,0,0,0,0,0,0,0,0,0
835,"P",0,0,0,0,0,0,0,0,0,0,0,0,0,0,0,0,0,0,0,0
836,"S",0,0,0,0,0,0,0,0,0,0,0,0,0,0,0,0,0,0,0,0
837,"G",0,0,0,0,0,0,0,0,0,0,0,0,0,0,0,0,0,0,0,0
838,"V",0,0,0,0,0,0,0,0,0,0,0,0,0,0,0,0,0,0,0,0
839,"T",0,0,0,0,0,0,0,0,0,0,0,0,0,0,0,0,0,0,0,0
840,"T",0,0,0,0,0,0,0,0,0,0,0,0,0,0,0,0,0,0,0,0
841,"T",0,0,0,0,0,0,0,0,0,0,0,0,0,0,0,0,0,0,0,0
842,"R",0,0,0,0,0,0,0,0,0,0,1,0,0,0,0,0,0,0,1,0
843,"Q",0,0,0,0,0,0,1,0,0,0,0,0,0,0,0,0,0,0,0,0
844,"S",0,0,0,0,0,0,0,0,0,0,0,0,0,0,0,0,0,0,0,0
845,"I",0,0,0,0,0,0,0,0,0,0,1,0,0,0,0,0,0,0,0,0
846,"T",0,0,0,0,0,0,0,0,0,0,0,0,0,0,0,0,0,0,0,0
847,"T",0,0,0,0,0,0,0,0,0,0,0,0,0,0,0,0,0,0,0,0
848,"M",0,0,0,0,0,0,0,1,0,0,0,0,0,0,0,0,0,0,0,0
849,"T",0,0,0,0,0,0,0,0,0,0,0,0,0,0,0,0,0,0,0,0
850,"N",0,0,0,0,0,0,0,0,1,0,0,0,0,0,0,0,0,0,0,0
851,"T",0,0,0,0,0,0,0,0,0,0,1,0,0,0,0,0,0,0,0,0
