aa, 1, 2, 3, 4, 5, 6, 7, 8, 9, 10
C, -0.9485834913598301, -0.8954740475553672, -0.9688241147223382, -0.7289875302130316, -1.2673222961150477, -1.326363699298361, -1.029698460810907, -0.9573717671792726, -0.871370801466742, -1.036209220709277
P, -7.649384777011554, -7.6622987723562925, -7.763632543583199, -7.779465668915382, -10.04691494059506, -10.254708426237798, 3.708277256482497, 3.4428648727628794, -7.188979516660161, -7.544214098112669
Q, 5.587905442581397, -5.894838630885195, -5.9811331271181585, -6.047734725532285, 9.601782726776582, -7.966053674017581, -5.8870363781474175, -5.821149433431014, -5.655381688836571, -5.839893269332814
N, -4.391801979194033, 7.186415120921554, -4.242164904386365, -4.527917792742143, -5.790081281228041, -5.79195143735299, -4.221380561072288, -4.548260479893188, -4.172339056609165, -4.323205225174828
T, -6.030674339069634, -5.876317696155856, -6.112747048231225, -5.880214965919244, -7.954844470557653, -8.130188196559931, -5.954227368748172, -5.966598055004774, 5.015218160463713, -6.051936826782126
S, -7.48776890383942, -7.144109494551094, -7.626562156595653, -7.77415246531611, -9.877221085519395, -9.847798984034617, -7.444481030848984, -7.4839477533095975, -7.068052718781262, -7.4591781227667475
G, -6.831957529043374, -6.570025613605421, 4.097634556884602, -7.096024196460576, -9.1960150346821, 8.208501526366971, -6.88850225894874, -6.968495190095677, -6.75708922003061, -6.93191445280016
A, -6.396524870823135, 4.487839602030896, -6.473584100098721, -6.608898028324457, -8.678791809833946, -8.581726062228883, -6.425545857933572, -6.4342023871932925, -6.422009003769155, -6.624577854926077
V, -4.774882430839076, -4.9199525624979685, -4.966420697101775, -4.9857056104122455, -6.567042344210541, -6.596788289849671, -4.927639170888261, 6.579567599622575, -4.47169997353855, -4.991112578288632
I, -3.29210038907876, -3.509974169407344, -3.318068595635586, -3.464856968929494, -4.462204631649469, -4.678178195341622, -3.3319579917897313, -3.297282882476761, -3.286836615688791, -3.551002900707091
L, 4.998652682645103, -6.188273540308396, -6.0820338865514385, -5.837508522306699, -8.171836478491551, -8.33387913253326, 5.060565904211421, -5.963646671518977, -6.215149999404525, -5.763128726506806
M, -3.255123611308299, -3.721077670901059, -3.691348243317923, -3.5019645390027536, -4.771385795809729, -4.9368091459730765, -3.462057494607917, -3.7693656950468997, -3.619039145406399, 7.609123098183663
F, -2.8866217522932227, -2.8681024953384178, 8.976454512220592, 8.965941413134855, -3.6673505109912554, -3.778875639881906, -2.8326091863657394, -2.794601777034338, -2.920101742879918, -2.8619476855186647
Y, -1.8614659550946093, -1.8793965547928055, -1.7592899668389048, -1.6370369283320116, -2.319044364937489, -2.4655530409265514, -1.9279844896531801, -1.8629334589127595, -1.9686945916388197, -1.9242046681411689
W, -0.26600244619825303, -0.2945756868014851, -0.0786303718943866, -0.29446592945725303, -0.20288468948007674, -0.20021691999136804, -0.2732025207792477, -0.3009924159423834, -0.3251309281747652, -0.34243896254624917
H, -4.043464252480277, -3.9201988621264, -4.028101639357659, 7.191465220946904, -18.921752392996368, -5.3207464391065376, -3.998590208406002, -3.9762673060181997, -3.8740347837067723, -4.014029712281105
K, -5.9021596955954925, -6.047401418708238, -6.186897799869336, -6.163554187277428, -7.59540486089103, -8.035018313795732, -5.990589654189757, -6.029105258513109, -5.8917267292496645, -6.028957350953721
R, -6.140483305858246, -6.327829614250996, -6.432453637690892, -6.386076703114961, -8.035213379528448, -8.498124543289933, -6.318426225024314, -6.323671209593336, -6.226460813641169, -6.3528081170675526
D, -5.767006152676355, -5.608862878423656, -5.863926024914575, -5.881583837316488, -7.4465265949183195, -7.599361138932669, -5.635105985108465, -5.748338994261131, -5.576363433662091, 5.780958225378638
E, -6.6366326094699595, -6.925484979427707, -7.236609121678807, -7.1410856158178575, -8.638933776842729, -9.455051511396995, -6.878311065493409, -6.99900185464277, 4.396934535286823, -6.936794305492443